disease,sample,cell_group,gene,evidence_tier,n_nuclei,mean_log2_cp10k_plus1,median_log2_cp10k_plus1,percent_expressing
CIDP,S01,Adipo,CDH4,CIDP,17,0,0,0
CIDP,S01,BNB_EC,CDH4,CIDP,205,0,0,0
CIDP,S01,B_cell,CDH4,CIDP,13,0,0,0
CIDP,S01,Endoneurial_stroma,CDH4,CIDP,1710,0.2031784711857128,0,7.368421052631578
CIDP,S01,Epineurial_stroma,CDH4,CIDP,926,0.4340409256391018,0,15.118790496760258
CIDP,S01,Granulocyte,CDH4,CIDP,1,0,0,0
CIDP,S01,Macrophage,CDH4,CIDP,570,0.0137036092258404,0,0.5263157894736842
CIDP,S01,Mast,CDH4,CIDP,84,0,0,0
CIDP,S01,Myelinating_SC,CDH4,CIDP,318,0.1885322720846248,0,8.80503144654088
CIDP,S01,Nonmyelinating_SC,CDH4,CIDP,1057,0.1737439479789915,0,5.581835383159887
CIDP,S01,Other_EC,CDH4,CIDP,621,0.0039700650918877,0,0.1610305958132045
CIDP,S01,Pericyte_VSMC,CDH4,CIDP,1665,0,0,0
CIDP,S01,Perineurium,CDH4,CIDP,6467,0.0278727321349029,0,1.3298283593629194
CIDP,S01,Repair_damage_SC,CDH4,CIDP,47,0.3990428999605706,0,14.893617021276595
CIDP,S01,T_NK,CDH4,CIDP,117,0.015562943370259,0,0.8547008547008548
CIDP,S01,Adipo,DIRAS1,CIDP,17,0,0,0
CIDP,S01,BNB_EC,DIRAS1,CIDP,205,0,0,0
CIDP,S01,B_cell,DIRAS1,CIDP,13,0,0,0
CIDP,S01,Endoneurial_stroma,DIRAS1,CIDP,1710,0,0,0
CIDP,S01,Epineurial_stroma,DIRAS1,CIDP,926,0,0,0
CIDP,S01,Granulocyte,DIRAS1,CIDP,1,0,0,0
CIDP,S01,Macrophage,DIRAS1,CIDP,570,0,0,0
CIDP,S01,Mast,DIRAS1,CIDP,84,0,0,0
CIDP,S01,Myelinating_SC,DIRAS1,CIDP,318,0,0,0
CIDP,S01,Nonmyelinating_SC,DIRAS1,CIDP,1057,0,0,0
CIDP,S01,Other_EC,DIRAS1,CIDP,621,0,0,0
CIDP,S01,Pericyte_VSMC,DIRAS1,CIDP,1665,0.002388097045827,0,0.1201201201201201
CIDP,S01,Perineurium,DIRAS1,CIDP,6467,0,0,0
CIDP,S01,Repair_damage_SC,DIRAS1,CIDP,47,0,0,0
CIDP,S01,T_NK,DIRAS1,CIDP,117,0,0,0
CIDP,S01,Adipo,GNG7,CIDP,17,0.1698421706061727,0,11.76470588235294
CIDP,S01,BNB_EC,GNG7,CIDP,205,0.2733328953336724,0,9.75609756097561
CIDP,S01,B_cell,GNG7,CIDP,13,1.5374272833451303,0,46.15384615384615
CIDP,S01,Endoneurial_stroma,GNG7,CIDP,1710,0.0035781202093553,0,0.1169590643274853
CIDP,S01,Epineurial_stroma,GNG7,CIDP,926,0.0385046552679976,0,1.6198704103671708
CIDP,S01,Granulocyte,GNG7,CIDP,1,0,0,0
CIDP,S01,Macrophage,GNG7,CIDP,570,0.4755963005393135,0,15.789473684210526
CIDP,S01,Mast,GNG7,CIDP,84,0.1247771071141462,0,4.761904761904762
CIDP,S01,Myelinating_SC,GNG7,CIDP,318,0.0210387749907556,0,0.9433962264150944
CIDP,S01,Nonmyelinating_SC,GNG7,CIDP,1057,0.1355253598986262,0,4.351939451277199
CIDP,S01,Other_EC,GNG7,CIDP,621,0.1306498186988012,0,5.152979066022544
CIDP,S01,Pericyte_VSMC,GNG7,CIDP,1665,0.0717136276460373,0,3.003003003003003
CIDP,S01,Perineurium,GNG7,CIDP,6467,0.1069339610661002,0,4.73171486005876
CIDP,S01,Repair_damage_SC,GNG7,CIDP,47,0.2912979110757945,0,14.893617021276595
CIDP,S01,T_NK,GNG7,CIDP,117,0.1286844480181358,0,5.128205128205128
CIDP,S01,Adipo,SLC39A3,CIDP,17,0.1079963279935821,0,5.88235294117647
CIDP,S01,BNB_EC,SLC39A3,CIDP,205,0.0111345488356269,0,0.4878048780487805
CIDP,S01,B_cell,SLC39A3,CIDP,13,0,0,0
CIDP,S01,Endoneurial_stroma,SLC39A3,CIDP,1710,0.0010611701870564,0,0.0584795321637426
CIDP,S01,Epineurial_stroma,SLC39A3,CIDP,926,0,0,0
CIDP,S01,Granulocyte,SLC39A3,CIDP,1,0,0,0
CIDP,S01,Macrophage,SLC39A3,CIDP,570,0.0095579091880996,0,0.3508771929824561
CIDP,S01,Mast,SLC39A3,CIDP,84,0,0,0
CIDP,S01,Myelinating_SC,SLC39A3,CIDP,318,0.0041556460308233,0,0.3144654088050315
CIDP,S01,Nonmyelinating_SC,SLC39A3,CIDP,1057,0.004784932811359,0,0.1892147587511826
CIDP,S01,Other_EC,SLC39A3,CIDP,621,0.0191158386682187,0,0.644122383252818
CIDP,S01,Pericyte_VSMC,SLC39A3,CIDP,1665,0.0059930709684646,0,0.2402402402402402
CIDP,S01,Perineurium,SLC39A3,CIDP,6467,0.0072347674747929,0,0.340188650069584
CIDP,S01,Repair_damage_SC,SLC39A3,CIDP,47,0,0,0
CIDP,S01,T_NK,SLC39A3,CIDP,117,0,0,0
CIDP,S01,Adipo,DGKQ,Inflammatory_polyneuropathy,17,0.121088824436918,0,5.88235294117647
CIDP,S01,BNB_EC,DGKQ,Inflammatory_polyneuropathy,205,0.0579608251431607,0,2.4390243902439024
CIDP,S01,B_cell,DGKQ,Inflammatory_polyneuropathy,13,0,0,0
CIDP,S01,Endoneurial_stroma,DGKQ,Inflammatory_polyneuropathy,1710,0.0344364969726916,0,1.345029239766082
CIDP,S01,Epineurial_stroma,DGKQ,Inflammatory_polyneuropathy,926,0.0323608531298458,0,1.511879049676026
CIDP,S01,Granulocyte,DGKQ,Inflammatory_polyneuropathy,1,0,0,0
CIDP,S01,Macrophage,DGKQ,Inflammatory_polyneuropathy,570,0.0651023254134459,0,2.280701754385965
CIDP,S01,Mast,DGKQ,Inflammatory_polyneuropathy,84,0.0482888231128745,0,2.380952380952381
CIDP,S01,Myelinating_SC,DGKQ,Inflammatory_polyneuropathy,318,0.0327871220442792,0,2.20125786163522
CIDP,S01,Nonmyelinating_SC,DGKQ,Inflammatory_polyneuropathy,1057,0.0161699235825886,0,0.6622516556291391
CIDP,S01,Other_EC,DGKQ,Inflammatory_polyneuropathy,621,0.0692148997299772,0,2.737520128824477
CIDP,S01,Pericyte_VSMC,DGKQ,Inflammatory_polyneuropathy,1665,0.0298552442609045,0,1.3213213213213213
CIDP,S01,Perineurium,DGKQ,Inflammatory_polyneuropathy,6467,0.0246553449362414,0,1.1288077934127103
CIDP,S01,Repair_damage_SC,DGKQ,Inflammatory_polyneuropathy,47,0,0,0
CIDP,S01,T_NK,DGKQ,Inflammatory_polyneuropathy,117,0.1425538876916264,0,5.128205128205128
CIDP,S01,Adipo,GLDC,Inflammatory_polyneuropathy,17,0,0,0
CIDP,S01,BNB_EC,GLDC,Inflammatory_polyneuropathy,205,0.0583793684187938,0,2.4390243902439024
CIDP,S01,B_cell,GLDC,Inflammatory_polyneuropathy,13,0,0,0
CIDP,S01,Endoneurial_stroma,GLDC,Inflammatory_polyneuropathy,1710,0.0053181780521465,0,0.175438596491228
CIDP,S01,Epineurial_stroma,GLDC,Inflammatory_polyneuropathy,926,0.0215176872151635,0,1.079913606911447
CIDP,S01,Granulocyte,GLDC,Inflammatory_polyneuropathy,1,0,0,0
CIDP,S01,Macrophage,GLDC,Inflammatory_polyneuropathy,570,0.0149593676577272,0,0.7017543859649122
CIDP,S01,Mast,GLDC,Inflammatory_polyneuropathy,84,0.018104804251066,0,1.1904761904761905
CIDP,S01,Myelinating_SC,GLDC,Inflammatory_polyneuropathy,318,1.566872306348036,1.674275044298477,54.088050314465406
CIDP,S01,Nonmyelinating_SC,GLDC,Inflammatory_polyneuropathy,1057,0.0186162259170896,0,0.6622516556291391
CIDP,S01,Other_EC,GLDC,Inflammatory_polyneuropathy,621,0.0522620613910694,0,2.415458937198068
CIDP,S01,Pericyte_VSMC,GLDC,Inflammatory_polyneuropathy,1665,0.0147361205095807,0,0.6606606606606606
CIDP,S01,Perineurium,GLDC,Inflammatory_polyneuropathy,6467,0.0323372366118506,0,1.530848925313128
CIDP,S01,Repair_damage_SC,GLDC,Inflammatory_polyneuropathy,47,0.1758983145525111,0,8.51063829787234
CIDP,S01,T_NK,GLDC,Inflammatory_polyneuropathy,117,0.0348111472346555,0,1.7094017094017095
CIDP,S01,Adipo,IDUA,Inflammatory_polyneuropathy,17,0,0,0
CIDP,S01,BNB_EC,IDUA,Inflammatory_polyneuropathy,205,0.02495751267069,0,0.975609756097561
CIDP,S01,B_cell,IDUA,Inflammatory_polyneuropathy,13,0,0,0
CIDP,S01,Endoneurial_stroma,IDUA,Inflammatory_polyneuropathy,1710,0.0517245547426688,0,2.046783625730994
CIDP,S01,Epineurial_stroma,IDUA,Inflammatory_polyneuropathy,926,0.0336376476657145,0,1.6198704103671708
CIDP,S01,Granulocyte,IDUA,Inflammatory_polyneuropathy,1,2.543145739814624,2.543145739814624,100
CIDP,S01,Macrophage,IDUA,Inflammatory_polyneuropathy,570,0.0359082479792862,0,1.4035087719298245
CIDP,S01,Mast,IDUA,Inflammatory_polyneuropathy,84,0,0,0
CIDP,S01,Myelinating_SC,IDUA,Inflammatory_polyneuropathy,318,0.0385374167884626,0,2.20125786163522
CIDP,S01,Nonmyelinating_SC,IDUA,Inflammatory_polyneuropathy,1057,0.0231857309266225,0,0.7568590350047304
CIDP,S01,Other_EC,IDUA,Inflammatory_polyneuropathy,621,0.0343544716022544,0,1.288244766505636
CIDP,S01,Pericyte_VSMC,IDUA,Inflammatory_polyneuropathy,1665,0.0232410209730745,0,0.960960960960961
CIDP,S01,Perineurium,IDUA,Inflammatory_polyneuropathy,6467,0.0170533380581242,0,0.85047162517396
CIDP,S01,Repair_damage_SC,IDUA,Inflammatory_polyneuropathy,47,0,0,0
CIDP,S01,T_NK,IDUA,Inflammatory_polyneuropathy,117,0,0,0
CIDP,S01,Adipo,SLAMF9,Inflammatory_polyneuropathy,17,0,0,0
CIDP,S01,BNB_EC,SLAMF9,Inflammatory_polyneuropathy,205,0,0,0
CIDP,S01,B_cell,SLAMF9,Inflammatory_polyneuropathy,13,0,0,0
CIDP,S01,Endoneurial_stroma,SLAMF9,Inflammatory_polyneuropathy,1710,0,0,0
CIDP,S01,Epineurial_stroma,SLAMF9,Inflammatory_polyneuropathy,926,0,0,0
CIDP,S01,Granulocyte,SLAMF9,Inflammatory_polyneuropathy,1,0,0,0
CIDP,S01,Macrophage,SLAMF9,Inflammatory_polyneuropathy,570,0,0,0
CIDP,S01,Mast,SLAMF9,Inflammatory_polyneuropathy,84,0,0,0
CIDP,S01,Myelinating_SC,SLAMF9,Inflammatory_polyneuropathy,318,0,0,0
CIDP,S01,Nonmyelinating_SC,SLAMF9,Inflammatory_polyneuropathy,1057,0,0,0
CIDP,S01,Other_EC,SLAMF9,Inflammatory_polyneuropathy,621,0,0,0
CIDP,S01,Pericyte_VSMC,SLAMF9,Inflammatory_polyneuropathy,1665,0,0,0
CIDP,S01,Perineurium,SLAMF9,Inflammatory_polyneuropathy,6467,0,0,0
CIDP,S01,Repair_damage_SC,SLAMF9,Inflammatory_polyneuropathy,47,0,0,0
CIDP,S01,T_NK,SLAMF9,Inflammatory_polyneuropathy,117,0,0,0
CIDP,S01,Adipo,TMEM175,Inflammatory_polyneuropathy,17,0,0,0
CIDP,S01,BNB_EC,TMEM175,Inflammatory_polyneuropathy,205,0.1045233145228389,0,3.902439024390244
CIDP,S01,B_cell,TMEM175,Inflammatory_polyneuropathy,13,0.2192488752885345,0,7.6923076923076925
CIDP,S01,Endoneurial_stroma,TMEM175,Inflammatory_polyneuropathy,1710,0.0916306773286315,0,3.684210526315789
CIDP,S01,Epineurial_stroma,TMEM175,Inflammatory_polyneuropathy,926,0.1527362904294097,0,6.047516198704104
CIDP,S01,Granulocyte,TMEM175,Inflammatory_polyneuropathy,1,0,0,0
CIDP,S01,Macrophage,TMEM175,Inflammatory_polyneuropathy,570,0.126673446237064,0,5.789473684210527
CIDP,S01,Mast,TMEM175,Inflammatory_polyneuropathy,84,0.0506161916921896,0,1.1904761904761905
CIDP,S01,Myelinating_SC,TMEM175,Inflammatory_polyneuropathy,318,0.1530469182482576,0,8.49056603773585
CIDP,S01,Nonmyelinating_SC,TMEM175,Inflammatory_polyneuropathy,1057,0.0839160188920375,0,3.122043519394513
CIDP,S01,Other_EC,TMEM175,Inflammatory_polyneuropathy,621,0.0745266393349869,0,3.542673107890499
CIDP,S01,Pericyte_VSMC,TMEM175,Inflammatory_polyneuropathy,1665,0.096373328502099,0,3.903903903903904
CIDP,S01,Perineurium,TMEM175,Inflammatory_polyneuropathy,6467,0.089338150061847,0,4.128653162208134
CIDP,S01,Repair_damage_SC,TMEM175,Inflammatory_polyneuropathy,47,0.1185263530142758,0,4.25531914893617
CIDP,S01,T_NK,TMEM175,Inflammatory_polyneuropathy,117,0.3176099390635494,0,9.401709401709402
CIDP,S01,Adipo,DCTN1,Inflammatory_polyneuropathy,17,0.1123649017440796,0,5.88235294117647
CIDP,S01,BNB_EC,DCTN1,Inflammatory_polyneuropathy,205,0.1305620523376469,0,5.365853658536586
CIDP,S01,B_cell,DCTN1,Inflammatory_polyneuropathy,13,0,0,0
CIDP,S01,Endoneurial_stroma,DCTN1,Inflammatory_polyneuropathy,1710,0.1713338526271413,0,7.017543859649122
CIDP,S01,Epineurial_stroma,DCTN1,Inflammatory_polyneuropathy,926,0.1883249356797057,0,8.207343412526997
CIDP,S01,Granulocyte,DCTN1,Inflammatory_polyneuropathy,1,0,0,0
CIDP,S01,Macrophage,DCTN1,Inflammatory_polyneuropathy,570,0.0709122821682061,0,3.508771929824561
CIDP,S01,Mast,DCTN1,Inflammatory_polyneuropathy,84,0.0785599323483239,0,3.571428571428571
CIDP,S01,Myelinating_SC,DCTN1,Inflammatory_polyneuropathy,318,0.1460294648371852,0,9.119496855345911
CIDP,S01,Nonmyelinating_SC,DCTN1,Inflammatory_polyneuropathy,1057,0.1091548055178008,0,4.257332071901608
CIDP,S01,Other_EC,DCTN1,Inflammatory_polyneuropathy,621,0.1554704419054411,0,6.763285024154589
CIDP,S01,Pericyte_VSMC,DCTN1,Inflammatory_polyneuropathy,1665,0.231975678833741,0,9.12912912912913
CIDP,S01,Perineurium,DCTN1,Inflammatory_polyneuropathy,6467,0.1777229569747596,0,8.14906448121231
CIDP,S01,Repair_damage_SC,DCTN1,Inflammatory_polyneuropathy,47,0.073374763389156,0,4.25531914893617
CIDP,S01,T_NK,DCTN1,Inflammatory_polyneuropathy,117,0.0976332371873505,0,4.273504273504273
CIDP,S01,Adipo,ME1,Inflammatory_polyneuropathy,17,1.23734231856651,1.5855398096687914,58.82352941176471
CIDP,S01,BNB_EC,ME1,Inflammatory_polyneuropathy,205,0,0,0
CIDP,S01,B_cell,ME1,Inflammatory_polyneuropathy,13,0.1556258651987198,0,7.6923076923076925
CIDP,S01,Endoneurial_stroma,ME1,Inflammatory_polyneuropathy,1710,0.456854459299632,0,16.198830409356727
CIDP,S01,Epineurial_stroma,ME1,Inflammatory_polyneuropathy,926,0.281214143622343,0,11.879049676025918
CIDP,S01,Granulocyte,ME1,Inflammatory_polyneuropathy,1,0,0,0
CIDP,S01,Macrophage,ME1,Inflammatory_polyneuropathy,570,0.8139593289406216,0,23.859649122807017
CIDP,S01,Mast,ME1,Inflammatory_polyneuropathy,84,0.0423738185786305,0,2.380952380952381
CIDP,S01,Myelinating_SC,ME1,Inflammatory_polyneuropathy,318,0.56871240051445,0,23.270440251572328
CIDP,S01,Nonmyelinating_SC,ME1,Inflammatory_polyneuropathy,1057,0.0113494414256121,0,0.4730368968779564
CIDP,S01,Other_EC,ME1,Inflammatory_polyneuropathy,621,0.0086405296951106,0,0.322061191626409
CIDP,S01,Pericyte_VSMC,ME1,Inflammatory_polyneuropathy,1665,0.0687399420347326,0,2.8228228228228227
CIDP,S01,Perineurium,ME1,Inflammatory_polyneuropathy,6467,0.3337571852820317,0,13.700324725529612
CIDP,S01,Repair_damage_SC,ME1,Inflammatory_polyneuropathy,47,0.1902965907943664,0,8.51063829787234
CIDP,S01,T_NK,ME1,Inflammatory_polyneuropathy,117,0.015562943370259,0,0.8547008547008548
CIAP,S04,Adipo,CDH4,CIDP,116,0.011271658278069,0,0.8620689655172413
CIAP,S04,BNB_EC,CDH4,CIDP,196,0.0216214549595937,0,1.020408163265306
CIAP,S04,B_cell,CDH4,CIDP,8,0,0,0
CIAP,S04,Endoneurial_stroma,CDH4,CIDP,660,0.0553675616828501,0,2.727272727272727
CIAP,S04,Epineurial_stroma,CDH4,CIDP,1683,0.1981555215896862,0,9.20974450386215
CIAP,S04,Granulocyte,CDH4,CIDP,5,0,0,0
CIAP,S04,Macrophage,CDH4,CIDP,347,0.0316992198239074,0,1.729106628242075
CIAP,S04,Mast,CDH4,CIDP,59,0.0360448075161175,0,1.694915254237288
CIAP,S04,Myelinating_SC,CDH4,CIDP,187,0.1273641085537974,0,6.417112299465241
CIAP,S04,Nonmyelinating_SC,CDH4,CIDP,1717,0.1319833494324201,0,5.591147350029121
CIAP,S04,Other_EC,CDH4,CIDP,1091,0.0423292954185961,0,2.016498625114574
CIAP,S04,Pericyte_VSMC,CDH4,CIDP,2076,0.0116231728113123,0,0.6262042389210019
CIAP,S04,Perineurium,CDH4,CIDP,3301,0.0439242456073172,0,2.272038776128446
CIAP,S04,Repair_damage_SC,CDH4,CIDP,179,0.3134504494918693,0,14.52513966480447
CIAP,S04,T_NK,CDH4,CIDP,70,0,0,0
CIAP,S04,Adipo,DIRAS1,CIDP,116,0.0058313970004913,0,0.8620689655172413
CIAP,S04,BNB_EC,DIRAS1,CIDP,196,0,0,0
CIAP,S04,B_cell,DIRAS1,CIDP,8,0.5469915368075505,0,12.5
CIAP,S04,Endoneurial_stroma,DIRAS1,CIDP,660,0.0030986022408084,0,0.1515151515151515
CIAP,S04,Epineurial_stroma,DIRAS1,CIDP,1683,0.0025177042856079,0,0.11883541295306
CIAP,S04,Granulocyte,DIRAS1,CIDP,5,0,0,0
CIAP,S04,Macrophage,DIRAS1,CIDP,347,0.0039063215547069,0,0.2881844380403458
CIAP,S04,Mast,DIRAS1,CIDP,59,0,0,0
CIAP,S04,Myelinating_SC,DIRAS1,CIDP,187,0,0,0
CIAP,S04,Nonmyelinating_SC,DIRAS1,CIDP,1717,0,0,0
CIAP,S04,Other_EC,DIRAS1,CIDP,1091,0,0,0
CIAP,S04,Pericyte_VSMC,DIRAS1,CIDP,2076,0.0022039712558688,0,0.0963391136801541
CIAP,S04,Perineurium,DIRAS1,CIDP,3301,0.000574723197444,0,0.0302938503483792
CIAP,S04,Repair_damage_SC,DIRAS1,CIDP,179,0,0,0
CIAP,S04,T_NK,DIRAS1,CIDP,70,0,0,0
CIAP,S04,Adipo,GNG7,CIDP,116,0.2610936035570905,0,15.517241379310343
CIAP,S04,BNB_EC,GNG7,CIDP,196,0.268374133843304,0,11.224489795918368
CIAP,S04,B_cell,GNG7,CIDP,8,2.390095519978872,2.62326197385549,62.5
CIAP,S04,Endoneurial_stroma,GNG7,CIDP,660,0.0425406090514009,0,2.121212121212121
CIAP,S04,Epineurial_stroma,GNG7,CIDP,1683,0.1194022291289016,0,5.704099821746881
CIAP,S04,Granulocyte,GNG7,CIDP,5,0,0,0
CIAP,S04,Macrophage,GNG7,CIDP,347,0.4278193387981328,0,16.42651296829971
CIAP,S04,Mast,GNG7,CIDP,59,0.2005606269818671,0,6.779661016949152
CIAP,S04,Myelinating_SC,GNG7,CIDP,187,0.1014735045991728,0,5.347593582887701
CIAP,S04,Nonmyelinating_SC,GNG7,CIDP,1717,0.1173600903988848,0,4.775771694816541
CIAP,S04,Other_EC,GNG7,CIDP,1091,0.1735675459592727,0,7.4243813015582045
CIAP,S04,Pericyte_VSMC,GNG7,CIDP,2076,0.1276818659827362,0,5.250481695568401
CIAP,S04,Perineurium,GNG7,CIDP,3301,0.1536593839265487,0,7.482581036049682
CIAP,S04,Repair_damage_SC,GNG7,CIDP,179,0.1968664179785909,0,10.05586592178771
CIAP,S04,T_NK,GNG7,CIDP,70,0.0237792292648844,0,1.4285714285714286
CIAP,S04,Adipo,SLC39A3,CIDP,116,0.0683758205205848,0,5.172413793103448
CIAP,S04,BNB_EC,SLC39A3,CIDP,196,0.0097788484747775,0,0.5102040816326531
CIAP,S04,B_cell,SLC39A3,CIDP,8,0,0,0
CIAP,S04,Endoneurial_stroma,SLC39A3,CIDP,660,0.0257162829584741,0,1.3636363636363635
CIAP,S04,Epineurial_stroma,SLC39A3,CIDP,1683,0.0205089661502806,0,1.1289364230540702
CIAP,S04,Granulocyte,SLC39A3,CIDP,5,0,0,0
CIAP,S04,Macrophage,SLC39A3,CIDP,347,0.0194898179796567,0,0.8645533141210375
CIAP,S04,Mast,SLC39A3,CIDP,59,0,0,0
CIAP,S04,Myelinating_SC,SLC39A3,CIDP,187,0.0270726012167339,0,1.6042780748663104
CIAP,S04,Nonmyelinating_SC,SLC39A3,CIDP,1717,0.0114557081551255,0,0.5824111822947
CIAP,S04,Other_EC,SLC39A3,CIDP,1091,0.0138169117957902,0,0.7332722273143905
CIAP,S04,Pericyte_VSMC,SLC39A3,CIDP,2076,0.0114067536021323,0,0.5298651252408477
CIAP,S04,Perineurium,SLC39A3,CIDP,3301,0.0153846108221766,0,0.7876401090578612
CIAP,S04,Repair_damage_SC,SLC39A3,CIDP,179,0.0123493196064132,0,0.5586592178770949
CIAP,S04,T_NK,SLC39A3,CIDP,70,0,0,0
CIAP,S04,Adipo,DGKQ,Inflammatory_polyneuropathy,116,0.0264827134292058,0,2.586206896551724
CIAP,S04,BNB_EC,DGKQ,Inflammatory_polyneuropathy,196,0.0468370388259369,0,2.0408163265306123
CIAP,S04,B_cell,DGKQ,Inflammatory_polyneuropathy,8,0.1983851952230548,0,12.5
CIAP,S04,Endoneurial_stroma,DGKQ,Inflammatory_polyneuropathy,660,0.0750491218523077,0,3.636363636363636
CIAP,S04,Epineurial_stroma,DGKQ,Inflammatory_polyneuropathy,1683,0.0473398304750324,0,2.3767082590612003
CIAP,S04,Granulocyte,DGKQ,Inflammatory_polyneuropathy,5,0,0,0
CIAP,S04,Macrophage,DGKQ,Inflammatory_polyneuropathy,347,0.0373092384653025,0,1.440922190201729
CIAP,S04,Mast,DGKQ,Inflammatory_polyneuropathy,59,0,0,0
CIAP,S04,Myelinating_SC,DGKQ,Inflammatory_polyneuropathy,187,0.0525796769469992,0,3.7433155080213902
CIAP,S04,Nonmyelinating_SC,DGKQ,Inflammatory_polyneuropathy,1717,0.0136025879815409,0,0.6988934187536401
CIAP,S04,Other_EC,DGKQ,Inflammatory_polyneuropathy,1091,0.0476939926006349,0,2.1998166819431715
CIAP,S04,Pericyte_VSMC,DGKQ,Inflammatory_polyneuropathy,2076,0.0420929764623309,0,1.7822736030828517
CIAP,S04,Perineurium,DGKQ,Inflammatory_polyneuropathy,3301,0.0314254721958407,0,1.6358679188124812
CIAP,S04,Repair_damage_SC,DGKQ,Inflammatory_polyneuropathy,179,0.0196350083603183,0,1.11731843575419
CIAP,S04,T_NK,DGKQ,Inflammatory_polyneuropathy,70,0.1157479201297982,0,5.714285714285714
CIAP,S04,Adipo,GLDC,Inflammatory_polyneuropathy,116,0.012114374140075,0,0.8620689655172413
CIAP,S04,BNB_EC,GLDC,Inflammatory_polyneuropathy,196,0.0301532240023111,0,1.530612244897959
CIAP,S04,B_cell,GLDC,Inflammatory_polyneuropathy,8,0,0,0
CIAP,S04,Endoneurial_stroma,GLDC,Inflammatory_polyneuropathy,660,0.0029940860810204,0,0.1515151515151515
CIAP,S04,Epineurial_stroma,GLDC,Inflammatory_polyneuropathy,1683,0.0185724549961404,0,0.8912655971479502
CIAP,S04,Granulocyte,GLDC,Inflammatory_polyneuropathy,5,0,0,0
CIAP,S04,Macrophage,GLDC,Inflammatory_polyneuropathy,347,0.0057630651953619,0,0.2881844380403458
CIAP,S04,Mast,GLDC,Inflammatory_polyneuropathy,59,0,0,0
CIAP,S04,Myelinating_SC,GLDC,Inflammatory_polyneuropathy,187,1.5107895264812836,1.7420992648658191,58.288770053475936
CIAP,S04,Nonmyelinating_SC,GLDC,Inflammatory_polyneuropathy,1717,0.0194905218710781,0,0.8736167734420501
CIAP,S04,Other_EC,GLDC,Inflammatory_polyneuropathy,1091,0.0296693992354502,0,1.466544454628781
CIAP,S04,Pericyte_VSMC,GLDC,Inflammatory_polyneuropathy,2076,0.0106746066889506,0,0.4335260115606936
CIAP,S04,Perineurium,GLDC,Inflammatory_polyneuropathy,3301,0.0066773312855473,0,0.3635262041805513
CIAP,S04,Repair_damage_SC,GLDC,Inflammatory_polyneuropathy,179,0.1368242529816545,0,7.82122905027933
CIAP,S04,T_NK,GLDC,Inflammatory_polyneuropathy,70,0,0,0
CIAP,S04,Adipo,IDUA,Inflammatory_polyneuropathy,116,0.1909365631557839,0,13.79310344827586
CIAP,S04,BNB_EC,IDUA,Inflammatory_polyneuropathy,196,0.0733867052964504,0,3.061224489795918
CIAP,S04,B_cell,IDUA,Inflammatory_polyneuropathy,8,0,0,0
CIAP,S04,Endoneurial_stroma,IDUA,Inflammatory_polyneuropathy,660,0.0945620449147328,0,4.545454545454546
CIAP,S04,Epineurial_stroma,IDUA,Inflammatory_polyneuropathy,1683,0.0658843368514401,0,3.2679738562091507
CIAP,S04,Granulocyte,IDUA,Inflammatory_polyneuropathy,5,0,0,0
CIAP,S04,Macrophage,IDUA,Inflammatory_polyneuropathy,347,0.100463557430025,0,4.610951008645533
CIAP,S04,Mast,IDUA,Inflammatory_polyneuropathy,59,0,0,0
CIAP,S04,Myelinating_SC,IDUA,Inflammatory_polyneuropathy,187,0.0756340127992939,0,4.81283422459893
CIAP,S04,Nonmyelinating_SC,IDUA,Inflammatory_polyneuropathy,1717,0.0345585391473418,0,1.57251019219569
CIAP,S04,Other_EC,IDUA,Inflammatory_polyneuropathy,1091,0.0510771179121841,0,2.474793767186068
CIAP,S04,Pericyte_VSMC,IDUA,Inflammatory_polyneuropathy,2076,0.0389572357402212,0,1.7822736030828517
CIAP,S04,Perineurium,IDUA,Inflammatory_polyneuropathy,3301,0.0473985721145553,0,2.4538018782187216
CIAP,S04,Repair_damage_SC,IDUA,Inflammatory_polyneuropathy,179,0.0677067184356385,0,3.35195530726257
CIAP,S04,T_NK,IDUA,Inflammatory_polyneuropathy,70,0,0,0
CIAP,S04,Adipo,SLAMF9,Inflammatory_polyneuropathy,116,0,0,0
CIAP,S04,BNB_EC,SLAMF9,Inflammatory_polyneuropathy,196,0,0,0
CIAP,S04,B_cell,SLAMF9,Inflammatory_polyneuropathy,8,0,0,0
CIAP,S04,Endoneurial_stroma,SLAMF9,Inflammatory_polyneuropathy,660,0,0,0
CIAP,S04,Epineurial_stroma,SLAMF9,Inflammatory_polyneuropathy,1683,0,0,0
CIAP,S04,Granulocyte,SLAMF9,Inflammatory_polyneuropathy,5,0,0,0
CIAP,S04,Macrophage,SLAMF9,Inflammatory_polyneuropathy,347,0,0,0
CIAP,S04,Mast,SLAMF9,Inflammatory_polyneuropathy,59,0,0,0
CIAP,S04,Myelinating_SC,SLAMF9,Inflammatory_polyneuropathy,187,0,0,0
CIAP,S04,Nonmyelinating_SC,SLAMF9,Inflammatory_polyneuropathy,1717,0,0,0
CIAP,S04,Other_EC,SLAMF9,Inflammatory_polyneuropathy,1091,0,0,0
CIAP,S04,Pericyte_VSMC,SLAMF9,Inflammatory_polyneuropathy,2076,0,0,0
CIAP,S04,Perineurium,SLAMF9,Inflammatory_polyneuropathy,3301,0,0,0
CIAP,S04,Repair_damage_SC,SLAMF9,Inflammatory_polyneuropathy,179,0,0,0
CIAP,S04,T_NK,SLAMF9,Inflammatory_polyneuropathy,70,0,0,0
CIAP,S04,Adipo,TMEM175,Inflammatory_polyneuropathy,116,0.1744115610473736,0,14.6551724137931
CIAP,S04,BNB_EC,TMEM175,Inflammatory_polyneuropathy,196,0.1470707240926785,0,6.63265306122449
CIAP,S04,B_cell,TMEM175,Inflammatory_polyneuropathy,8,0.3045556362275219,0,12.5
CIAP,S04,Endoneurial_stroma,TMEM175,Inflammatory_polyneuropathy,660,0.226552486215672,0,11.363636363636363
CIAP,S04,Epineurial_stroma,TMEM175,Inflammatory_polyneuropathy,1683,0.1594346371651127,0,7.66488413547237
CIAP,S04,Granulocyte,TMEM175,Inflammatory_polyneuropathy,5,0,0,0
CIAP,S04,Macrophage,TMEM175,Inflammatory_polyneuropathy,347,0.1247185457712801,0,6.051873198847262
CIAP,S04,Mast,TMEM175,Inflammatory_polyneuropathy,59,0.0340939996424126,0,1.694915254237288
CIAP,S04,Myelinating_SC,TMEM175,Inflammatory_polyneuropathy,187,0.2377619861646996,0,12.834224598930485
CIAP,S04,Nonmyelinating_SC,TMEM175,Inflammatory_polyneuropathy,1717,0.1401564989620306,0,5.88235294117647
CIAP,S04,Other_EC,TMEM175,Inflammatory_polyneuropathy,1091,0.1141642488901535,0,5.866177818515124
CIAP,S04,Pericyte_VSMC,TMEM175,Inflammatory_polyneuropathy,2076,0.1444678073973855,0,6.310211946050097
CIAP,S04,Perineurium,TMEM175,Inflammatory_polyneuropathy,3301,0.1733264985663134,0,8.361102696152681
CIAP,S04,Repair_damage_SC,TMEM175,Inflammatory_polyneuropathy,179,0.1288108096376448,0,8.379888268156424
CIAP,S04,T_NK,TMEM175,Inflammatory_polyneuropathy,70,0.2073147974614465,0,8.571428571428571
CIAP,S04,Adipo,DCTN1,Inflammatory_polyneuropathy,116,0.0891055708037285,0,6.896551724137931
CIAP,S04,BNB_EC,DCTN1,Inflammatory_polyneuropathy,196,0.2224615749236593,0,9.693877551020408
CIAP,S04,B_cell,DCTN1,Inflammatory_polyneuropathy,8,0,0,0
CIAP,S04,Endoneurial_stroma,DCTN1,Inflammatory_polyneuropathy,660,0.193720658964761,0,9.242424242424242
CIAP,S04,Epineurial_stroma,DCTN1,Inflammatory_polyneuropathy,1683,0.1743794920502934,0,8.674985145573382
CIAP,S04,Granulocyte,DCTN1,Inflammatory_polyneuropathy,5,0,0,0
CIAP,S04,Macrophage,DCTN1,Inflammatory_polyneuropathy,347,0.0956764773136843,0,4.322766570605188
CIAP,S04,Mast,DCTN1,Inflammatory_polyneuropathy,59,0.2401353128737015,0,10.16949152542373
CIAP,S04,Myelinating_SC,DCTN1,Inflammatory_polyneuropathy,187,0.1903707615031371,0,10.6951871657754
CIAP,S04,Nonmyelinating_SC,DCTN1,Inflammatory_polyneuropathy,1717,0.1786803017894639,0,7.62958648806057
CIAP,S04,Other_EC,DCTN1,Inflammatory_polyneuropathy,1091,0.1720880460459449,0,8.249312557286894
CIAP,S04,Pericyte_VSMC,DCTN1,Inflammatory_polyneuropathy,2076,0.2122770248490495,0,9.489402697495184
CIAP,S04,Perineurium,DCTN1,Inflammatory_polyneuropathy,3301,0.2062027598446899,0,10.269615268100576
CIAP,S04,Repair_damage_SC,DCTN1,Inflammatory_polyneuropathy,179,0.3221581616164468,0,17.318435754189945
CIAP,S04,T_NK,DCTN1,Inflammatory_polyneuropathy,70,0.0518256417121842,0,2.857142857142857
CIAP,S04,Adipo,ME1,Inflammatory_polyneuropathy,116,1.640984622238774,1.6271853250673112,75
CIAP,S04,BNB_EC,ME1,Inflammatory_polyneuropathy,196,0.0476729128166346,0,2.5510204081632653
CIAP,S04,B_cell,ME1,Inflammatory_polyneuropathy,8,0.3557978855143603,0,12.5
CIAP,S04,Endoneurial_stroma,ME1,Inflammatory_polyneuropathy,660,0.5262270875581101,0,22.12121212121212
CIAP,S04,Epineurial_stroma,ME1,Inflammatory_polyneuropathy,1683,0.4921021851558484,0,21.3903743315508
CIAP,S04,Granulocyte,ME1,Inflammatory_polyneuropathy,5,0,0,0
CIAP,S04,Macrophage,ME1,Inflammatory_polyneuropathy,347,0.8544849978317178,0,27.089337175792505
CIAP,S04,Mast,ME1,Inflammatory_polyneuropathy,59,0.149446253635326,0,5.084745762711865
CIAP,S04,Myelinating_SC,ME1,Inflammatory_polyneuropathy,187,0.5989884322980362,0,27.27272727272727
CIAP,S04,Nonmyelinating_SC,ME1,Inflammatory_polyneuropathy,1717,0.0361702827996133,0,1.7472335468841005
CIAP,S04,Other_EC,ME1,Inflammatory_polyneuropathy,1091,0.0483412839592555,0,2.1081576535288726
CIAP,S04,Pericyte_VSMC,ME1,Inflammatory_polyneuropathy,2076,0.2663760662314596,0,10.645472061657031
CIAP,S04,Perineurium,ME1,Inflammatory_polyneuropathy,3301,0.395974055862031,0,17.540139351711602
CIAP,S04,Repair_damage_SC,ME1,Inflammatory_polyneuropathy,179,0.1251079947525639,0,7.262569832402235
CIAP,S04,T_NK,ME1,Inflammatory_polyneuropathy,70,0.0249244693215176,0,1.4285714285714286
CIAP,S06,Adipo,CDH4,CIDP,116,0.0573824191747179,0,5.172413793103448
CIAP,S06,BNB_EC,CDH4,CIDP,401,0.0638578729830217,0,3.740648379052369
CIAP,S06,B_cell,CDH4,CIDP,11,0,0,0
CIAP,S06,Endoneurial_stroma,CDH4,CIDP,1178,0.0409741601090893,0,2.461799660441426
CIAP,S06,Epineurial_stroma,CDH4,CIDP,1516,0.19860210872358,0,10.356200527704486
CIAP,S06,Granulocyte,CDH4,CIDP,13,0,0,0
CIAP,S06,Macrophage,CDH4,CIDP,455,0.0585636837667464,0,3.076923076923077
CIAP,S06,Mast,CDH4,CIDP,42,0,0,0
CIAP,S06,Myelinating_SC,CDH4,CIDP,580,0.1821907411705234,0,10
CIAP,S06,Nonmyelinating_SC,CDH4,CIDP,3806,0.3568605497562859,0,14.266946925906462
CIAP,S06,Other_EC,CDH4,CIDP,1160,0.056411995933567,0,3.103448275862069
CIAP,S06,Pericyte_VSMC,CDH4,CIDP,2896,0.0510441802066429,0,2.9696132596685083
CIAP,S06,Perineurium,CDH4,CIDP,6544,0.0247900647284278,0,1.7114914425427872
CIAP,S06,Repair_damage_SC,CDH4,CIDP,485,0.201151016306605,0,9.278350515463918
CIAP,S06,T_NK,CDH4,CIDP,193,0.1083009927518727,0,5.181347150259067
CIAP,S06,Adipo,DIRAS1,CIDP,116,0,0,0
CIAP,S06,BNB_EC,DIRAS1,CIDP,401,0,0,0
CIAP,S06,B_cell,DIRAS1,CIDP,11,0,0,0
CIAP,S06,Endoneurial_stroma,DIRAS1,CIDP,1178,0,0,0
CIAP,S06,Epineurial_stroma,DIRAS1,CIDP,1516,0.0016929382701569,0,0.0659630606860158
CIAP,S06,Granulocyte,DIRAS1,CIDP,13,0,0,0
CIAP,S06,Macrophage,DIRAS1,CIDP,455,0,0,0
CIAP,S06,Mast,DIRAS1,CIDP,42,0,0,0
CIAP,S06,Myelinating_SC,DIRAS1,CIDP,580,0,0,0
CIAP,S06,Nonmyelinating_SC,DIRAS1,CIDP,3806,0.0010157391613239,0,0.0525486074619022
CIAP,S06,Other_EC,DIRAS1,CIDP,1160,0.002659248289174,0,0.1724137931034483
CIAP,S06,Pericyte_VSMC,DIRAS1,CIDP,2896,0.0021038554869309,0,0.0690607734806629
CIAP,S06,Perineurium,DIRAS1,CIDP,6544,0,0,0
CIAP,S06,Repair_damage_SC,DIRAS1,CIDP,485,0.0007402366289477,0,0.2061855670103093
CIAP,S06,T_NK,DIRAS1,CIDP,193,0,0,0
CIAP,S06,Adipo,GNG7,CIDP,116,0.2820575087708091,0,22.41379310344828
CIAP,S06,BNB_EC,GNG7,CIDP,401,0.27449850123231,0,13.71571072319202
CIAP,S06,B_cell,GNG7,CIDP,11,0.8098128709659203,0,27.27272727272727
CIAP,S06,Endoneurial_stroma,GNG7,CIDP,1178,0.0383974183722226,0,2.122241086587436
CIAP,S06,Epineurial_stroma,GNG7,CIDP,1516,0.091431402310253,0,5.408970976253298
CIAP,S06,Granulocyte,GNG7,CIDP,13,0.8763283064333152,0,23.07692307692308
CIAP,S06,Macrophage,GNG7,CIDP,455,0.5059362415970875,0,20
CIAP,S06,Mast,GNG7,CIDP,42,0.4355753933980947,0,19.047619047619047
CIAP,S06,Myelinating_SC,GNG7,CIDP,580,0.0924188376272151,0,5
CIAP,S06,Nonmyelinating_SC,GNG7,CIDP,3806,0.1825273048365971,0,7.961114030478192
CIAP,S06,Other_EC,GNG7,CIDP,1160,0.1745572473259872,0,8.448275862068966
CIAP,S06,Pericyte_VSMC,GNG7,CIDP,2896,0.0919118688229053,0,4.316298342541437
CIAP,S06,Perineurium,GNG7,CIDP,6544,0.0432555820717592,0,2.658924205378973
CIAP,S06,Repair_damage_SC,GNG7,CIDP,485,0.1942706857855091,0,8.8659793814433
CIAP,S06,T_NK,GNG7,CIDP,193,0.20228569537385,0,8.290155440414509
CIAP,S06,Adipo,SLC39A3,CIDP,116,0.0084537308408448,0,0.8620689655172413
CIAP,S06,BNB_EC,SLC39A3,CIDP,401,0.0330620163933182,0,1.4962593516209477
CIAP,S06,B_cell,SLC39A3,CIDP,11,0,0,0
CIAP,S06,Endoneurial_stroma,SLC39A3,CIDP,1178,0,0,0
CIAP,S06,Epineurial_stroma,SLC39A3,CIDP,1516,0.0049348770261303,0,0.395778364116095
CIAP,S06,Granulocyte,SLC39A3,CIDP,13,0,0,0
CIAP,S06,Macrophage,SLC39A3,CIDP,455,0.0204523455761241,0,0.8791208791208791
CIAP,S06,Mast,SLC39A3,CIDP,42,0,0,0
CIAP,S06,Myelinating_SC,SLC39A3,CIDP,580,0.0150453202341085,0,0.8620689655172413
CIAP,S06,Nonmyelinating_SC,SLC39A3,CIDP,3806,0.0099712257617173,0,0.5517603783499737
CIAP,S06,Other_EC,SLC39A3,CIDP,1160,0.0120626296221754,0,0.603448275862069
CIAP,S06,Pericyte_VSMC,SLC39A3,CIDP,2896,0.0158580522560509,0,0.8632596685082874
CIAP,S06,Perineurium,SLC39A3,CIDP,6544,0.0011388157816773,0,0.0764058679706601
CIAP,S06,Repair_damage_SC,SLC39A3,CIDP,485,0.0076513416036879,0,0.4123711340206186
CIAP,S06,T_NK,SLC39A3,CIDP,193,0.0101273803836498,0,0.5181347150259068
CIAP,S06,Adipo,DGKQ,Inflammatory_polyneuropathy,116,0.0594018275630376,0,4.310344827586207
CIAP,S06,BNB_EC,DGKQ,Inflammatory_polyneuropathy,401,0.0471929028803338,0,2.244389027431421
CIAP,S06,B_cell,DGKQ,Inflammatory_polyneuropathy,11,0.1079199237728187,0,9.090909090909092
CIAP,S06,Endoneurial_stroma,DGKQ,Inflammatory_polyneuropathy,1178,0.0497695624962108,0,2.461799660441426
CIAP,S06,Epineurial_stroma,DGKQ,Inflammatory_polyneuropathy,1516,0.033689986282135,0,1.912928759894459
CIAP,S06,Granulocyte,DGKQ,Inflammatory_polyneuropathy,13,0,0,0
CIAP,S06,Macrophage,DGKQ,Inflammatory_polyneuropathy,455,0.0613476819051123,0,2.857142857142857
CIAP,S06,Mast,DGKQ,Inflammatory_polyneuropathy,42,0,0,0
CIAP,S06,Myelinating_SC,DGKQ,Inflammatory_polyneuropathy,580,0.0138948317323872,0,0.8620689655172413
CIAP,S06,Nonmyelinating_SC,DGKQ,Inflammatory_polyneuropathy,3806,0.0072999552130713,0,0.4729374671571204
CIAP,S06,Other_EC,DGKQ,Inflammatory_polyneuropathy,1160,0.0381677605966709,0,1.9827586206896552
CIAP,S06,Pericyte_VSMC,DGKQ,Inflammatory_polyneuropathy,2896,0.0247377606731555,0,1.2776243093922652
CIAP,S06,Perineurium,DGKQ,Inflammatory_polyneuropathy,6544,0.0233357692460123,0,1.3141809290953546
CIAP,S06,Repair_damage_SC,DGKQ,Inflammatory_polyneuropathy,485,0.0547513831436973,0,2.4742268041237114
CIAP,S06,T_NK,DGKQ,Inflammatory_polyneuropathy,193,0.1417873788315988,0,7.253886010362693
CIAP,S06,Adipo,GLDC,Inflammatory_polyneuropathy,116,0.0360181489569507,0,2.586206896551724
CIAP,S06,BNB_EC,GLDC,Inflammatory_polyneuropathy,401,0.0320561737790958,0,1.4962593516209477
CIAP,S06,B_cell,GLDC,Inflammatory_polyneuropathy,11,0,0,0
CIAP,S06,Endoneurial_stroma,GLDC,Inflammatory_polyneuropathy,1178,0,0,0
CIAP,S06,Epineurial_stroma,GLDC,Inflammatory_polyneuropathy,1516,0.0052431380606764,0,0.2638522427440633
CIAP,S06,Granulocyte,GLDC,Inflammatory_polyneuropathy,13,0,0,0
CIAP,S06,Macrophage,GLDC,Inflammatory_polyneuropathy,455,0.0293167983638532,0,1.098901098901099
CIAP,S06,Mast,GLDC,Inflammatory_polyneuropathy,42,0,0,0
CIAP,S06,Myelinating_SC,GLDC,Inflammatory_polyneuropathy,580,1.6762067427588063,1.8955209133004391,60.862068965517246
CIAP,S06,Nonmyelinating_SC,GLDC,Inflammatory_polyneuropathy,3806,0.0429565902553989,0,1.8392012611665791
CIAP,S06,Other_EC,GLDC,Inflammatory_polyneuropathy,1160,0.0251533750054508,0,1.5517241379310345
CIAP,S06,Pericyte_VSMC,GLDC,Inflammatory_polyneuropathy,2896,0.0241386691382067,0,1.2085635359116025
CIAP,S06,Perineurium,GLDC,Inflammatory_polyneuropathy,6544,0,0,0
CIAP,S06,Repair_damage_SC,GLDC,Inflammatory_polyneuropathy,485,0.0573342944152924,0,3.5051546391752577
CIAP,S06,T_NK,GLDC,Inflammatory_polyneuropathy,193,0.0608695118427642,0,2.5906735751295336
CIAP,S06,Adipo,IDUA,Inflammatory_polyneuropathy,116,0.0991847715452379,0,9.482758620689657
CIAP,S06,BNB_EC,IDUA,Inflammatory_polyneuropathy,401,0.0821475528908464,0,3.99002493765586
CIAP,S06,B_cell,IDUA,Inflammatory_polyneuropathy,11,0,0,0
CIAP,S06,Endoneurial_stroma,IDUA,Inflammatory_polyneuropathy,1178,0.0591872973387414,0,3.3106960950764006
CIAP,S06,Epineurial_stroma,IDUA,Inflammatory_polyneuropathy,1516,0.0431895848157059,0,2.5725593667546174
CIAP,S06,Granulocyte,IDUA,Inflammatory_polyneuropathy,13,0,0,0
CIAP,S06,Macrophage,IDUA,Inflammatory_polyneuropathy,455,0.080219042049312,0,3.736263736263736
CIAP,S06,Mast,IDUA,Inflammatory_polyneuropathy,42,0.1498573168332452,0,9.523809523809524
CIAP,S06,Myelinating_SC,IDUA,Inflammatory_polyneuropathy,580,0.060399369075933,0,3.620689655172414
CIAP,S06,Nonmyelinating_SC,IDUA,Inflammatory_polyneuropathy,3806,0.0424955788634521,0,2.417235943247504
CIAP,S06,Other_EC,IDUA,Inflammatory_polyneuropathy,1160,0.0582197294464967,0,3.0172413793103448
CIAP,S06,Pericyte_VSMC,IDUA,Inflammatory_polyneuropathy,2896,0.0501811108702912,0,2.4171270718232045
CIAP,S06,Perineurium,IDUA,Inflammatory_polyneuropathy,6544,0.0305585833770038,0,1.8643031784841075
CIAP,S06,Repair_damage_SC,IDUA,Inflammatory_polyneuropathy,485,0.0515488253676982,0,2.6804123711340204
CIAP,S06,T_NK,IDUA,Inflammatory_polyneuropathy,193,0.0701440607701004,0,3.6269430051813463
CIAP,S06,Adipo,SLAMF9,Inflammatory_polyneuropathy,116,0,0,0
CIAP,S06,BNB_EC,SLAMF9,Inflammatory_polyneuropathy,401,0,0,0
CIAP,S06,B_cell,SLAMF9,Inflammatory_polyneuropathy,11,0,0,0
CIAP,S06,Endoneurial_stroma,SLAMF9,Inflammatory_polyneuropathy,1178,0,0,0
CIAP,S06,Epineurial_stroma,SLAMF9,Inflammatory_polyneuropathy,1516,0,0,0
CIAP,S06,Granulocyte,SLAMF9,Inflammatory_polyneuropathy,13,0,0,0
CIAP,S06,Macrophage,SLAMF9,Inflammatory_polyneuropathy,455,0,0,0
CIAP,S06,Mast,SLAMF9,Inflammatory_polyneuropathy,42,0,0,0
CIAP,S06,Myelinating_SC,SLAMF9,Inflammatory_polyneuropathy,580,0,0,0
CIAP,S06,Nonmyelinating_SC,SLAMF9,Inflammatory_polyneuropathy,3806,0,0,0
CIAP,S06,Other_EC,SLAMF9,Inflammatory_polyneuropathy,1160,0,0,0
CIAP,S06,Pericyte_VSMC,SLAMF9,Inflammatory_polyneuropathy,2896,0,0,0
CIAP,S06,Perineurium,SLAMF9,Inflammatory_polyneuropathy,6544,0,0,0
CIAP,S06,Repair_damage_SC,SLAMF9,Inflammatory_polyneuropathy,485,0,0,0
CIAP,S06,T_NK,SLAMF9,Inflammatory_polyneuropathy,193,0,0,0
CIAP,S06,Adipo,TMEM175,Inflammatory_polyneuropathy,116,0.2067125880929551,0,20.689655172413797
CIAP,S06,BNB_EC,TMEM175,Inflammatory_polyneuropathy,401,0.1112177035105724,0,5.985037406483791
CIAP,S06,B_cell,TMEM175,Inflammatory_polyneuropathy,11,0.2477286560127911,0,9.090909090909092
CIAP,S06,Endoneurial_stroma,TMEM175,Inflammatory_polyneuropathy,1178,0.1499903900184358,0,7.470288624787775
CIAP,S06,Epineurial_stroma,TMEM175,Inflammatory_polyneuropathy,1516,0.1152724244764474,0,6.530343007915568
CIAP,S06,Granulocyte,TMEM175,Inflammatory_polyneuropathy,13,0,0,0
CIAP,S06,Macrophage,TMEM175,Inflammatory_polyneuropathy,455,0.1378609451495097,0,6.373626373626373
CIAP,S06,Mast,TMEM175,Inflammatory_polyneuropathy,42,0.0377051724006665,0,2.380952380952381
CIAP,S06,Myelinating_SC,TMEM175,Inflammatory_polyneuropathy,580,0.2344756154843809,0,13.10344827586207
CIAP,S06,Nonmyelinating_SC,TMEM175,Inflammatory_polyneuropathy,3806,0.143353564591422,0,7.172884918549658
CIAP,S06,Other_EC,TMEM175,Inflammatory_polyneuropathy,1160,0.1371555518645891,0,7.241379310344828
CIAP,S06,Pericyte_VSMC,TMEM175,Inflammatory_polyneuropathy,2896,0.112132525509042,0,5.835635359116022
CIAP,S06,Perineurium,TMEM175,Inflammatory_polyneuropathy,6544,0.1126611696136112,0,6.433374083129584
CIAP,S06,Repair_damage_SC,TMEM175,Inflammatory_polyneuropathy,485,0.172883675358197,0,8.65979381443299
CIAP,S06,T_NK,TMEM175,Inflammatory_polyneuropathy,193,0.1437751971102754,0,7.253886010362693
CIAP,S06,Adipo,DCTN1,Inflammatory_polyneuropathy,116,0.07379660307661,0,6.0344827586206895
CIAP,S06,BNB_EC,DCTN1,Inflammatory_polyneuropathy,401,0.1533042003135216,0,8.977556109725686
CIAP,S06,B_cell,DCTN1,Inflammatory_polyneuropathy,11,0.1162743449637383,0,9.090909090909092
CIAP,S06,Endoneurial_stroma,DCTN1,Inflammatory_polyneuropathy,1178,0.1001625098263331,0,5.772495755517826
CIAP,S06,Epineurial_stroma,DCTN1,Inflammatory_polyneuropathy,1516,0.1144053949014419,0,7.189973614775726
CIAP,S06,Granulocyte,DCTN1,Inflammatory_polyneuropathy,13,0.2135132958165629,0,7.6923076923076925
CIAP,S06,Macrophage,DCTN1,Inflammatory_polyneuropathy,455,0.071954722741586,0,3.736263736263736
CIAP,S06,Mast,DCTN1,Inflammatory_polyneuropathy,42,0.0981793677499141,0,7.142857142857142
CIAP,S06,Myelinating_SC,DCTN1,Inflammatory_polyneuropathy,580,0.1333403586701486,0,8.275862068965518
CIAP,S06,Nonmyelinating_SC,DCTN1,Inflammatory_polyneuropathy,3806,0.1415286388931909,0,7.3568050446663165
CIAP,S06,Other_EC,DCTN1,Inflammatory_polyneuropathy,1160,0.1479775648009685,0,8.448275862068966
CIAP,S06,Pericyte_VSMC,DCTN1,Inflammatory_polyneuropathy,2896,0.1535225403545516,0,8.390883977900552
CIAP,S06,Perineurium,DCTN1,Inflammatory_polyneuropathy,6544,0.0968785743205588,0,6.02078239608802
CIAP,S06,Repair_damage_SC,DCTN1,Inflammatory_polyneuropathy,485,0.1440133549815233,0,8.041237113402062
CIAP,S06,T_NK,DCTN1,Inflammatory_polyneuropathy,193,0.0769108556971943,0,4.66321243523316
CIAP,S06,Adipo,ME1,Inflammatory_polyneuropathy,116,1.9938801612328367,2.1675163937042647,75.86206896551724
CIAP,S06,BNB_EC,ME1,Inflammatory_polyneuropathy,401,0.1269497970223214,0,7.231920199501247
CIAP,S06,B_cell,ME1,Inflammatory_polyneuropathy,11,0.2182359658641246,0,9.090909090909092
CIAP,S06,Endoneurial_stroma,ME1,Inflammatory_polyneuropathy,1178,0.5429863964473077,0,23.174872665534803
CIAP,S06,Epineurial_stroma,ME1,Inflammatory_polyneuropathy,1516,0.5735163646193399,0,26.05540897097625
CIAP,S06,Granulocyte,ME1,Inflammatory_polyneuropathy,13,0,0,0
CIAP,S06,Macrophage,ME1,Inflammatory_polyneuropathy,455,0.5940415804390703,0,21.31868131868132
CIAP,S06,Mast,ME1,Inflammatory_polyneuropathy,42,0.1665140151865252,0,9.523809523809524
CIAP,S06,Myelinating_SC,ME1,Inflammatory_polyneuropathy,580,0.2340161669797021,0,12.06896551724138
CIAP,S06,Nonmyelinating_SC,ME1,Inflammatory_polyneuropathy,3806,0.0317149645647217,0,1.7078297425118234
CIAP,S06,Other_EC,ME1,Inflammatory_polyneuropathy,1160,0.0896714666119664,0,4.655172413793104
CIAP,S06,Pericyte_VSMC,ME1,Inflammatory_polyneuropathy,2896,0.1465832151162131,0,6.837016574585636
CIAP,S06,Perineurium,ME1,Inflammatory_polyneuropathy,6544,0.5870399626521627,0,25.39731051344744
CIAP,S06,Repair_damage_SC,ME1,Inflammatory_polyneuropathy,485,0.1861458201651404,0,8.45360824742268
CIAP,S06,T_NK,ME1,Inflammatory_polyneuropathy,193,0.1448166903120127,0,7.772020725388601
CIAP,S07,Adipo,CDH4,CIDP,581,0.0010740306407224,0,0.1721170395869191
CIAP,S07,BNB_EC,CDH4,CIDP,210,0,0,0
CIAP,S07,B_cell,CDH4,CIDP,39,0,0,0
CIAP,S07,Endoneurial_stroma,CDH4,CIDP,326,0.1650536133696795,0,5.214723926380368
CIAP,S07,Epineurial_stroma,CDH4,CIDP,1032,0.1610766159641422,0,6.104651162790697
CIAP,S07,Granulocyte,CDH4,CIDP,113,0.0236409052999254,0,0.8849557522123894
CIAP,S07,Macrophage,CDH4,CIDP,360,0.0082214091501443,0,0.2777777777777778
CIAP,S07,Mast,CDH4,CIDP,40,0.088762412054669,0,5
CIAP,S07,Nonmyelinating_SC,CDH4,CIDP,263,0.1592995211446308,0,5.323193916349809
CIAP,S07,Other_EC,CDH4,CIDP,2155,0.0148933101454386,0,0.6496519721577726
CIAP,S07,Pericyte_VSMC,CDH4,CIDP,1927,0.0141467658696267,0,0.7784120394395433
CIAP,S07,Perineurium,CDH4,CIDP,1583,0.0697236454523087,0,2.4005053695514844
CIAP,S07,Repair_damage_SC,CDH4,CIDP,238,0.3477436868484421,0,11.344537815126053
CIAP,S07,T_NK,CDH4,CIDP,250,0.0054214263566085,0,0.4
CIAP,S07,Adipo,DIRAS1,CIDP,581,0,0,0
CIAP,S07,BNB_EC,DIRAS1,CIDP,210,0,0,0
CIAP,S07,B_cell,DIRAS1,CIDP,39,0,0,0
CIAP,S07,Endoneurial_stroma,DIRAS1,CIDP,326,0,0,0
CIAP,S07,Epineurial_stroma,DIRAS1,CIDP,1032,0,0,0
CIAP,S07,Granulocyte,DIRAS1,CIDP,113,0,0,0
CIAP,S07,Macrophage,DIRAS1,CIDP,360,0,0,0
CIAP,S07,Mast,DIRAS1,CIDP,40,0,0,0
CIAP,S07,Nonmyelinating_SC,DIRAS1,CIDP,263,0,0,0
CIAP,S07,Other_EC,DIRAS1,CIDP,2155,0,0,0
CIAP,S07,Pericyte_VSMC,DIRAS1,CIDP,1927,0.0032415473028825,0,0.2075765438505449
CIAP,S07,Perineurium,DIRAS1,CIDP,1583,0.001757534292921,0,0.0631711939355653
CIAP,S07,Repair_damage_SC,DIRAS1,CIDP,238,0.0156589098623408,0,0.4201680672268907
CIAP,S07,T_NK,DIRAS1,CIDP,250,0,0,0
CIAP,S07,Adipo,GNG7,CIDP,581,0.1035086249346786,0,10.327022375215146
CIAP,S07,BNB_EC,GNG7,CIDP,210,0.2599548814599199,0,11.428571428571429
CIAP,S07,B_cell,GNG7,CIDP,39,3.046673716123825,3.0237286521224385,87.17948717948718
CIAP,S07,Endoneurial_stroma,GNG7,CIDP,326,0.0072824959023308,0,0.3067484662576687
CIAP,S07,Epineurial_stroma,GNG7,CIDP,1032,0.063692883844498,0,3.6821705426356592
CIAP,S07,Granulocyte,GNG7,CIDP,113,0.2368973736642603,0,7.079646017699115
CIAP,S07,Macrophage,GNG7,CIDP,360,0.3045266826971626,0,12.777777777777777
CIAP,S07,Mast,GNG7,CIDP,40,0.1821847369171979,0,10
CIAP,S07,Nonmyelinating_SC,GNG7,CIDP,263,0.2226149560696895,0,8.745247148288973
CIAP,S07,Other_EC,GNG7,CIDP,2155,0.1985477780016415,0,9.930394431554523
CIAP,S07,Pericyte_VSMC,GNG7,CIDP,1927,0.0401374988805876,0,2.2314478463933574
CIAP,S07,Perineurium,GNG7,CIDP,1583,0.085198915048046,0,4.10612760581175
CIAP,S07,Repair_damage_SC,GNG7,CIDP,238,0.5922304865142632,0,19.327731092436977
CIAP,S07,T_NK,GNG7,CIDP,250,0.1303960221716128,0,5.6000000000000005
CIAP,S07,Adipo,SLC39A3,CIDP,581,0.0326244775902145,0,3.4423407917383817
CIAP,S07,BNB_EC,SLC39A3,CIDP,210,0.0181170302787398,0,1.4285714285714286
CIAP,S07,B_cell,SLC39A3,CIDP,39,0.040081405996984,0,2.564102564102564
CIAP,S07,Endoneurial_stroma,SLC39A3,CIDP,326,0,0,0
CIAP,S07,Epineurial_stroma,SLC39A3,CIDP,1032,0.0081458172638911,0,0.5813953488372093
CIAP,S07,Granulocyte,SLC39A3,CIDP,113,0,0,0
CIAP,S07,Macrophage,SLC39A3,CIDP,360,0,0,0
CIAP,S07,Mast,SLC39A3,CIDP,40,0,0,0
CIAP,S07,Nonmyelinating_SC,SLC39A3,CIDP,263,0,0,0
CIAP,S07,Other_EC,SLC39A3,CIDP,2155,0.0166828955755222,0,0.974477958236659
CIAP,S07,Pericyte_VSMC,SLC39A3,CIDP,1927,0.0125108121770195,0,0.7784120394395433
CIAP,S07,Perineurium,SLC39A3,CIDP,1583,0.001702843541179,0,0.1263423878711307
CIAP,S07,Repair_damage_SC,SLC39A3,CIDP,238,0,0,0
CIAP,S07,T_NK,SLC39A3,CIDP,250,0,0,0
CIAP,S07,Adipo,DGKQ,Inflammatory_polyneuropathy,581,0.0532516952589139,0,6.540447504302927
CIAP,S07,BNB_EC,DGKQ,Inflammatory_polyneuropathy,210,0.0126962369512108,0,0.4761904761904762
CIAP,S07,B_cell,DGKQ,Inflammatory_polyneuropathy,39,0.0603794378832488,0,2.564102564102564
CIAP,S07,Endoneurial_stroma,DGKQ,Inflammatory_polyneuropathy,326,0.0072783974823237,0,0.6134969325153374
CIAP,S07,Epineurial_stroma,DGKQ,Inflammatory_polyneuropathy,1032,0.0408563899806054,0,2.616279069767442
CIAP,S07,Granulocyte,DGKQ,Inflammatory_polyneuropathy,113,0.0370928858582089,0,0.8849557522123894
CIAP,S07,Macrophage,DGKQ,Inflammatory_polyneuropathy,360,0.0958211404678583,0,4.444444444444445
CIAP,S07,Mast,DGKQ,Inflammatory_polyneuropathy,40,0.0510501633364229,0,2.5
CIAP,S07,Nonmyelinating_SC,DGKQ,Inflammatory_polyneuropathy,263,0.0059872597231389,0,0.3802281368821292
CIAP,S07,Other_EC,DGKQ,Inflammatory_polyneuropathy,2155,0.0522496140197103,0,2.9698375870069604
CIAP,S07,Pericyte_VSMC,DGKQ,Inflammatory_polyneuropathy,1927,0.0342857246736389,0,2.075765438505449
CIAP,S07,Perineurium,DGKQ,Inflammatory_polyneuropathy,1583,0.0248111449701768,0,1.3265950726468732
CIAP,S07,Repair_damage_SC,DGKQ,Inflammatory_polyneuropathy,238,0.0167100584967664,0,0.8403361344537815
CIAP,S07,T_NK,DGKQ,Inflammatory_polyneuropathy,250,0.1934145364778077,0,8.799999999999999
CIAP,S07,Adipo,GLDC,Inflammatory_polyneuropathy,581,0.0110038375845332,0,1.2048192771084338
CIAP,S07,BNB_EC,GLDC,Inflammatory_polyneuropathy,210,0,0,0
CIAP,S07,B_cell,GLDC,Inflammatory_polyneuropathy,39,0.0511934472144559,0,2.564102564102564
CIAP,S07,Endoneurial_stroma,GLDC,Inflammatory_polyneuropathy,326,0,0,0
CIAP,S07,Epineurial_stroma,GLDC,Inflammatory_polyneuropathy,1032,0.0199143639349233,0,0.9689922480620154
CIAP,S07,Granulocyte,GLDC,Inflammatory_polyneuropathy,113,0,0,0
CIAP,S07,Macrophage,GLDC,Inflammatory_polyneuropathy,360,0.0059962021617105,0,0.5555555555555556
CIAP,S07,Mast,GLDC,Inflammatory_polyneuropathy,40,0,0,0
CIAP,S07,Nonmyelinating_SC,GLDC,Inflammatory_polyneuropathy,263,0.0093017352215066,0,0.3802281368821292
CIAP,S07,Other_EC,GLDC,Inflammatory_polyneuropathy,2155,0.019396937545528,0,1.160092807424594
CIAP,S07,Pericyte_VSMC,GLDC,Inflammatory_polyneuropathy,1927,0,0,0
CIAP,S07,Perineurium,GLDC,Inflammatory_polyneuropathy,1583,0.0069494293683233,0,0.3790271636133923
CIAP,S07,Repair_damage_SC,GLDC,Inflammatory_polyneuropathy,238,0.1086696052833515,0,3.7815126050420167
CIAP,S07,T_NK,GLDC,Inflammatory_polyneuropathy,250,0,0,0
CIAP,S07,Adipo,IDUA,Inflammatory_polyneuropathy,581,0.1089557457421234,0,10.843373493975903
CIAP,S07,BNB_EC,IDUA,Inflammatory_polyneuropathy,210,0.0549631827431699,0,2.857142857142857
CIAP,S07,B_cell,IDUA,Inflammatory_polyneuropathy,39,0.1298776720937464,0,7.6923076923076925
CIAP,S07,Endoneurial_stroma,IDUA,Inflammatory_polyneuropathy,326,0.0736292268023483,0,3.6809815950920246
CIAP,S07,Epineurial_stroma,IDUA,Inflammatory_polyneuropathy,1032,0.0803343756184541,0,4.651162790697675
CIAP,S07,Granulocyte,IDUA,Inflammatory_polyneuropathy,113,0,0,0
CIAP,S07,Macrophage,IDUA,Inflammatory_polyneuropathy,360,0.098380073569949,0,6.111111111111111
CIAP,S07,Mast,IDUA,Inflammatory_polyneuropathy,40,0,0,0
CIAP,S07,Nonmyelinating_SC,IDUA,Inflammatory_polyneuropathy,263,0.0295372155591083,0,1.520912547528517
CIAP,S07,Other_EC,IDUA,Inflammatory_polyneuropathy,2155,0.0736463606237265,0,4.361948955916473
CIAP,S07,Pericyte_VSMC,IDUA,Inflammatory_polyneuropathy,1927,0.0293526609255225,0,1.9719771665801764
CIAP,S07,Perineurium,IDUA,Inflammatory_polyneuropathy,1583,0.0424540486753645,0,2.084649399873657
CIAP,S07,Repair_damage_SC,IDUA,Inflammatory_polyneuropathy,238,0.0421283210749137,0,1.680672268907563
CIAP,S07,T_NK,IDUA,Inflammatory_polyneuropathy,250,0.1113593049169165,0,4.8
CIAP,S07,Adipo,SLAMF9,Inflammatory_polyneuropathy,581,0,0,0
CIAP,S07,BNB_EC,SLAMF9,Inflammatory_polyneuropathy,210,0,0,0
CIAP,S07,B_cell,SLAMF9,Inflammatory_polyneuropathy,39,0,0,0
CIAP,S07,Endoneurial_stroma,SLAMF9,Inflammatory_polyneuropathy,326,0,0,0
CIAP,S07,Epineurial_stroma,SLAMF9,Inflammatory_polyneuropathy,1032,0,0,0
CIAP,S07,Granulocyte,SLAMF9,Inflammatory_polyneuropathy,113,0,0,0
CIAP,S07,Macrophage,SLAMF9,Inflammatory_polyneuropathy,360,0.0072636704729752,0,0.5555555555555556
CIAP,S07,Mast,SLAMF9,Inflammatory_polyneuropathy,40,0,0,0
CIAP,S07,Nonmyelinating_SC,SLAMF9,Inflammatory_polyneuropathy,263,0,0,0
CIAP,S07,Other_EC,SLAMF9,Inflammatory_polyneuropathy,2155,0,0,0
CIAP,S07,Pericyte_VSMC,SLAMF9,Inflammatory_polyneuropathy,1927,0,0,0
CIAP,S07,Perineurium,SLAMF9,Inflammatory_polyneuropathy,1583,0,0,0
CIAP,S07,Repair_damage_SC,SLAMF9,Inflammatory_polyneuropathy,238,0,0,0
CIAP,S07,T_NK,SLAMF9,Inflammatory_polyneuropathy,250,0,0,0
CIAP,S07,Adipo,TMEM175,Inflammatory_polyneuropathy,581,0.2194252070386626,0,22.203098106712567
CIAP,S07,BNB_EC,TMEM175,Inflammatory_polyneuropathy,210,0.1433054068448475,0,7.142857142857142
CIAP,S07,B_cell,TMEM175,Inflammatory_polyneuropathy,39,0.3258753179677386,0,15.384615384615383
CIAP,S07,Endoneurial_stroma,TMEM175,Inflammatory_polyneuropathy,326,0.1553837559432496,0,6.134969325153374
CIAP,S07,Epineurial_stroma,TMEM175,Inflammatory_polyneuropathy,1032,0.1585557312479938,0,9.496124031007753
CIAP,S07,Granulocyte,TMEM175,Inflammatory_polyneuropathy,113,0.031497205446106,0,0.8849557522123894
CIAP,S07,Macrophage,TMEM175,Inflammatory_polyneuropathy,360,0.2172218720405118,0,11.944444444444445
CIAP,S07,Mast,TMEM175,Inflammatory_polyneuropathy,40,0.1612384995152379,0,7.5
CIAP,S07,Nonmyelinating_SC,TMEM175,Inflammatory_polyneuropathy,263,0.1568336876674371,0,6.4638783269961975
CIAP,S07,Other_EC,TMEM175,Inflammatory_polyneuropathy,2155,0.1412491168250103,0,8.120649651972158
CIAP,S07,Pericyte_VSMC,TMEM175,Inflammatory_polyneuropathy,1927,0.146192673399425,0,7.836014530358069
CIAP,S07,Perineurium,TMEM175,Inflammatory_polyneuropathy,1583,0.1820019189551867,0,7.959570435881239
CIAP,S07,Repair_damage_SC,TMEM175,Inflammatory_polyneuropathy,238,0.1453289908436594,0,6.302521008403361
CIAP,S07,T_NK,TMEM175,Inflammatory_polyneuropathy,250,0.1887748694112727,0,9.6
CIAP,S07,Adipo,DCTN1,Inflammatory_polyneuropathy,581,0.0744799344257692,0,8.777969018932874
CIAP,S07,BNB_EC,DCTN1,Inflammatory_polyneuropathy,210,0.0882740114231727,0,5.714285714285714
CIAP,S07,B_cell,DCTN1,Inflammatory_polyneuropathy,39,0.0590722042262276,0,5.128205128205128
CIAP,S07,Endoneurial_stroma,DCTN1,Inflammatory_polyneuropathy,326,0.1685561007450524,0,7.668711656441718
CIAP,S07,Epineurial_stroma,DCTN1,Inflammatory_polyneuropathy,1032,0.178396042661097,0,10.465116279069768
CIAP,S07,Granulocyte,DCTN1,Inflammatory_polyneuropathy,113,0.0363709313263604,0,1.7699115044247788
CIAP,S07,Macrophage,DCTN1,Inflammatory_polyneuropathy,360,0.0507829579207998,0,3.888888888888889
CIAP,S07,Mast,DCTN1,Inflammatory_polyneuropathy,40,0.0999062266924529,0,7.5
CIAP,S07,Nonmyelinating_SC,DCTN1,Inflammatory_polyneuropathy,263,0.1283722924563428,0,6.083650190114068
CIAP,S07,Other_EC,DCTN1,Inflammatory_polyneuropathy,2155,0.1035045863599051,0,6.496519721577726
CIAP,S07,Pericyte_VSMC,DCTN1,Inflammatory_polyneuropathy,1927,0.1766998395427938,0,9.75609756097561
CIAP,S07,Perineurium,DCTN1,Inflammatory_polyneuropathy,1583,0.1838683282151329,0,8.33859759949463
CIAP,S07,Repair_damage_SC,DCTN1,Inflammatory_polyneuropathy,238,0.2212278947121098,0,9.663865546218489
CIAP,S07,T_NK,DCTN1,Inflammatory_polyneuropathy,250,0.06924136694382,0,4
CIAP,S07,Adipo,ME1,Inflammatory_polyneuropathy,581,2.418483137269679,2.571822022818604,85.19793459552496
CIAP,S07,BNB_EC,ME1,Inflammatory_polyneuropathy,210,0,0,0
CIAP,S07,B_cell,ME1,Inflammatory_polyneuropathy,39,0.1260892642287722,0,5.128205128205128
CIAP,S07,Endoneurial_stroma,ME1,Inflammatory_polyneuropathy,326,0.3727096285068562,0,14.723926380368098
CIAP,S07,Epineurial_stroma,ME1,Inflammatory_polyneuropathy,1032,0.5565269509332128,0,24.709302325581397
CIAP,S07,Granulocyte,ME1,Inflammatory_polyneuropathy,113,0.2190891698136442,0,6.1946902654867255
CIAP,S07,Macrophage,ME1,Inflammatory_polyneuropathy,360,1.662053829388005,0,48.888888888888886
CIAP,S07,Mast,ME1,Inflammatory_polyneuropathy,40,0.0474794171598677,0,2.5
CIAP,S07,Nonmyelinating_SC,ME1,Inflammatory_polyneuropathy,263,0.0781699073607386,0,3.4220532319391634
CIAP,S07,Other_EC,ME1,Inflammatory_polyneuropathy,2155,0.0048911346376839,0,0.185614849187935
CIAP,S07,Pericyte_VSMC,ME1,Inflammatory_polyneuropathy,1927,0.3184572262460332,0,14.42656979761287
CIAP,S07,Perineurium,ME1,Inflammatory_polyneuropathy,1583,0.3107195911726847,0,13.1396083385976
CIAP,S07,Repair_damage_SC,ME1,Inflammatory_polyneuropathy,238,0.1310434312553241,0,4.621848739495799
CIAP,S07,T_NK,ME1,Inflammatory_polyneuropathy,250,0.1763532332819902,0,7.199999999999999
CIAP,S08,Adipo,CDH4,CIDP,39,0.072461561989573,0,7.6923076923076925
CIAP,S08,BNB_EC,CDH4,CIDP,178,0.0090674481164844,0,0.5617977528089888
CIAP,S08,B_cell,CDH4,CIDP,58,0.0264347164128976,0,1.7241379310344829
CIAP,S08,Endoneurial_stroma,CDH4,CIDP,1015,0.1415676072200891,0,7.389162561576355
CIAP,S08,Epineurial_stroma,CDH4,CIDP,906,0.2660174748481484,0,12.693156732891833
CIAP,S08,Granulocyte,CDH4,CIDP,2,0,0,0
CIAP,S08,Macrophage,CDH4,CIDP,467,0.0027857648788938,0,0.2141327623126338
CIAP,S08,Mast,CDH4,CIDP,46,0.0257151948944364,0,2.1739130434782608
CIAP,S08,Myelinating_SC,CDH4,CIDP,34,0.4509524053857958,0,26.47058823529412
CIAP,S08,Nonmyelinating_SC,CDH4,CIDP,1592,0.2491314913457109,0,10.364321608040202
CIAP,S08,Other_EC,CDH4,CIDP,365,0.0127079600417643,0,0.821917808219178
CIAP,S08,Pericyte_VSMC,CDH4,CIDP,639,0.0392630557604763,0,2.190923317683881
CIAP,S08,Perineurium,CDH4,CIDP,1878,0.0803289757282898,0,3.993610223642172
CIAP,S08,Repair_damage_SC,CDH4,CIDP,803,0.2507890865167364,0,11.207970112079702
CIAP,S08,T_NK,CDH4,CIDP,98,0.0477681196758389,0,3.061224489795918
CIAP,S08,Adipo,DIRAS1,CIDP,39,0,0,0
CIAP,S08,BNB_EC,DIRAS1,CIDP,178,0,0,0
CIAP,S08,B_cell,DIRAS1,CIDP,58,0,0,0
CIAP,S08,Endoneurial_stroma,DIRAS1,CIDP,1015,0,0,0
CIAP,S08,Epineurial_stroma,DIRAS1,CIDP,906,0,0,0
CIAP,S08,Granulocyte,DIRAS1,CIDP,2,0,0,0
CIAP,S08,Macrophage,DIRAS1,CIDP,467,0,0,0
CIAP,S08,Mast,DIRAS1,CIDP,46,0,0,0
CIAP,S08,Myelinating_SC,DIRAS1,CIDP,34,0,0,0
CIAP,S08,Nonmyelinating_SC,DIRAS1,CIDP,1592,0.0027888760807874,0,0.1256281407035175
CIAP,S08,Other_EC,DIRAS1,CIDP,365,0,0,0
CIAP,S08,Pericyte_VSMC,DIRAS1,CIDP,639,0,0,0
CIAP,S08,Perineurium,DIRAS1,CIDP,1878,0,0,0
CIAP,S08,Repair_damage_SC,DIRAS1,CIDP,803,0.0113358765216271,0,0.7471980074719801
CIAP,S08,T_NK,DIRAS1,CIDP,98,0,0,0
CIAP,S08,Adipo,GNG7,CIDP,39,0.2850748815790306,0,25.64102564102564
CIAP,S08,BNB_EC,GNG7,CIDP,178,0.2848232804811295,0,15.730337078651685
CIAP,S08,B_cell,GNG7,CIDP,58,2.280151251795369,2.497037724238929,74.13793103448276
CIAP,S08,Endoneurial_stroma,GNG7,CIDP,1015,0.0545117686330019,0,3.5467980295566504
CIAP,S08,Epineurial_stroma,GNG7,CIDP,906,0.0870375034200876,0,5.077262693156733
CIAP,S08,Granulocyte,GNG7,CIDP,2,0,0,0
CIAP,S08,Macrophage,GNG7,CIDP,467,0.774005373024195,0,28.90792291220557
CIAP,S08,Mast,GNG7,CIDP,46,0.2731263256967585,0,10.869565217391305
CIAP,S08,Myelinating_SC,GNG7,CIDP,34,0.0193486502593541,0,2.941176470588235
CIAP,S08,Nonmyelinating_SC,GNG7,CIDP,1592,0.1726318158572092,0,7.977386934673366
CIAP,S08,Other_EC,GNG7,CIDP,365,0.2726016191577036,0,12.876712328767123
CIAP,S08,Pericyte_VSMC,GNG7,CIDP,639,0.0882965952010505,0,4.225352112676056
CIAP,S08,Perineurium,GNG7,CIDP,1878,0.1768884745512471,0,10.170394036208732
CIAP,S08,Repair_damage_SC,GNG7,CIDP,803,0.3008482502933667,0,14.570361145703613
CIAP,S08,T_NK,GNG7,CIDP,98,0.0619260669717416,0,3.061224489795918
CIAP,S08,Adipo,SLC39A3,CIDP,39,0,0,0
CIAP,S08,BNB_EC,SLC39A3,CIDP,178,0,0,0
CIAP,S08,B_cell,SLC39A3,CIDP,58,0,0,0
CIAP,S08,Endoneurial_stroma,SLC39A3,CIDP,1015,0.022734007027499,0,1.477832512315271
CIAP,S08,Epineurial_stroma,SLC39A3,CIDP,906,0.0080492665158326,0,0.6622516556291391
CIAP,S08,Granulocyte,SLC39A3,CIDP,2,0,0,0
CIAP,S08,Macrophage,SLC39A3,CIDP,467,0.0174147217795449,0,1.070663811563169
CIAP,S08,Mast,SLC39A3,CIDP,46,0,0,0
CIAP,S08,Myelinating_SC,SLC39A3,CIDP,34,0.0491280940758895,0,2.941176470588235
CIAP,S08,Nonmyelinating_SC,SLC39A3,CIDP,1592,0.0137875325216661,0,0.8165829145728644
CIAP,S08,Other_EC,SLC39A3,CIDP,365,0.0131824854055186,0,0.821917808219178
CIAP,S08,Pericyte_VSMC,SLC39A3,CIDP,639,0.0121377397598209,0,0.7824726134585289
CIAP,S08,Perineurium,SLC39A3,CIDP,1878,0.0199483684297076,0,1.3312034078807242
CIAP,S08,Repair_damage_SC,SLC39A3,CIDP,803,0.0222057274943707,0,1.36986301369863
CIAP,S08,T_NK,SLC39A3,CIDP,98,0,0,0
CIAP,S08,Adipo,DGKQ,Inflammatory_polyneuropathy,39,0.04116059227712,0,5.128205128205128
CIAP,S08,BNB_EC,DGKQ,Inflammatory_polyneuropathy,178,0.0333106733695221,0,2.247191011235955
CIAP,S08,B_cell,DGKQ,Inflammatory_polyneuropathy,58,0.1412982666319757,0,6.896551724137931
CIAP,S08,Endoneurial_stroma,DGKQ,Inflammatory_polyneuropathy,1015,0.0747498663049699,0,4.827586206896552
CIAP,S08,Epineurial_stroma,DGKQ,Inflammatory_polyneuropathy,906,0.0334294156033778,0,2.3178807947019866
CIAP,S08,Granulocyte,DGKQ,Inflammatory_polyneuropathy,2,0,0,0
CIAP,S08,Macrophage,DGKQ,Inflammatory_polyneuropathy,467,0.068453596685053,0,3.426124197002141
CIAP,S08,Mast,DGKQ,Inflammatory_polyneuropathy,46,0.0715845633665578,0,4.3478260869565215
CIAP,S08,Myelinating_SC,DGKQ,Inflammatory_polyneuropathy,34,0.0427125315091661,0,5.88235294117647
CIAP,S08,Nonmyelinating_SC,DGKQ,Inflammatory_polyneuropathy,1592,0.0219091291445575,0,1.256281407035176
CIAP,S08,Other_EC,DGKQ,Inflammatory_polyneuropathy,365,0.0687326205497887,0,3.5616438356164384
CIAP,S08,Pericyte_VSMC,DGKQ,Inflammatory_polyneuropathy,639,0.0595042488348237,0,3.286384976525822
CIAP,S08,Perineurium,DGKQ,Inflammatory_polyneuropathy,1878,0.0356191861163322,0,2.023429179978701
CIAP,S08,Repair_damage_SC,DGKQ,Inflammatory_polyneuropathy,803,0.0263891163837409,0,1.61892901618929
CIAP,S08,T_NK,DGKQ,Inflammatory_polyneuropathy,98,0.070105958795912,0,3.061224489795918
CIAP,S08,Adipo,GLDC,Inflammatory_polyneuropathy,39,0,0,0
CIAP,S08,BNB_EC,GLDC,Inflammatory_polyneuropathy,178,0.0329550301434593,0,1.6853932584269662
CIAP,S08,B_cell,GLDC,Inflammatory_polyneuropathy,58,0.3234216764760203,0,12.06896551724138
CIAP,S08,Endoneurial_stroma,GLDC,Inflammatory_polyneuropathy,1015,0.0074459103037483,0,0.5911330049261084
CIAP,S08,Epineurial_stroma,GLDC,Inflammatory_polyneuropathy,906,0.008756524521807,0,0.6622516556291391
CIAP,S08,Granulocyte,GLDC,Inflammatory_polyneuropathy,2,0,0,0
CIAP,S08,Macrophage,GLDC,Inflammatory_polyneuropathy,467,0.0141341671744044,0,0.8565310492505354
CIAP,S08,Mast,GLDC,Inflammatory_polyneuropathy,46,0,0,0
CIAP,S08,Myelinating_SC,GLDC,Inflammatory_polyneuropathy,34,1.0146465170700545,0,47.05882352941176
CIAP,S08,Nonmyelinating_SC,GLDC,Inflammatory_polyneuropathy,1592,0.0771848495629153,0,3.894472361809045
CIAP,S08,Other_EC,GLDC,Inflammatory_polyneuropathy,365,0.027170178462617,0,1.36986301369863
CIAP,S08,Pericyte_VSMC,GLDC,Inflammatory_polyneuropathy,639,0.0143978009951956,0,0.7824726134585289
CIAP,S08,Perineurium,GLDC,Inflammatory_polyneuropathy,1878,0.0080592156572649,0,0.5857294994675186
CIAP,S08,Repair_damage_SC,GLDC,Inflammatory_polyneuropathy,803,0.349031340022281,0,16.43835616438356
CIAP,S08,T_NK,GLDC,Inflammatory_polyneuropathy,98,0,0,0
CIAP,S08,Adipo,IDUA,Inflammatory_polyneuropathy,39,0.1284107216156139,0,12.82051282051282
CIAP,S08,BNB_EC,IDUA,Inflammatory_polyneuropathy,178,0.1233664507038447,0,6.741573033707865
CIAP,S08,B_cell,IDUA,Inflammatory_polyneuropathy,58,0.069001366437769,0,3.4482758620689653
CIAP,S08,Endoneurial_stroma,IDUA,Inflammatory_polyneuropathy,1015,0.1007398147611401,0,6.305418719211822
CIAP,S08,Epineurial_stroma,IDUA,Inflammatory_polyneuropathy,906,0.0689915405624671,0,4.083885209713024
CIAP,S08,Granulocyte,IDUA,Inflammatory_polyneuropathy,2,0,0,0
CIAP,S08,Macrophage,IDUA,Inflammatory_polyneuropathy,467,0.1495750016464215,0,6.852248394004283
CIAP,S08,Mast,IDUA,Inflammatory_polyneuropathy,46,0.1030476272610159,0,4.3478260869565215
CIAP,S08,Myelinating_SC,IDUA,Inflammatory_polyneuropathy,34,0.3334110367272603,0,26.47058823529412
CIAP,S08,Nonmyelinating_SC,IDUA,Inflammatory_polyneuropathy,1592,0.0515772454797913,0,2.8894472361809047
CIAP,S08,Other_EC,IDUA,Inflammatory_polyneuropathy,365,0.0655118705991596,0,3.5616438356164384
CIAP,S08,Pericyte_VSMC,IDUA,Inflammatory_polyneuropathy,639,0.0341251786862101,0,2.0344287949921758
CIAP,S08,Perineurium,IDUA,Inflammatory_polyneuropathy,1878,0.0515313492271325,0,3.08839190628328
CIAP,S08,Repair_damage_SC,IDUA,Inflammatory_polyneuropathy,803,0.0352209431663857,0,2.1170610211706102
CIAP,S08,T_NK,IDUA,Inflammatory_polyneuropathy,98,0.0519311598899301,0,2.0408163265306123
CIAP,S08,Adipo,SLAMF9,Inflammatory_polyneuropathy,39,0,0,0
CIAP,S08,BNB_EC,SLAMF9,Inflammatory_polyneuropathy,178,0,0,0
CIAP,S08,B_cell,SLAMF9,Inflammatory_polyneuropathy,58,0,0,0
CIAP,S08,Endoneurial_stroma,SLAMF9,Inflammatory_polyneuropathy,1015,0,0,0
CIAP,S08,Epineurial_stroma,SLAMF9,Inflammatory_polyneuropathy,906,0,0,0
CIAP,S08,Granulocyte,SLAMF9,Inflammatory_polyneuropathy,2,0,0,0
CIAP,S08,Macrophage,SLAMF9,Inflammatory_polyneuropathy,467,0,0,0
CIAP,S08,Mast,SLAMF9,Inflammatory_polyneuropathy,46,0,0,0
CIAP,S08,Myelinating_SC,SLAMF9,Inflammatory_polyneuropathy,34,0,0,0
CIAP,S08,Nonmyelinating_SC,SLAMF9,Inflammatory_polyneuropathy,1592,0,0,0
CIAP,S08,Other_EC,SLAMF9,Inflammatory_polyneuropathy,365,0,0,0
CIAP,S08,Pericyte_VSMC,SLAMF9,Inflammatory_polyneuropathy,639,0,0,0
CIAP,S08,Perineurium,SLAMF9,Inflammatory_polyneuropathy,1878,0,0,0
CIAP,S08,Repair_damage_SC,SLAMF9,Inflammatory_polyneuropathy,803,0,0,0
CIAP,S08,T_NK,SLAMF9,Inflammatory_polyneuropathy,98,0,0,0
CIAP,S08,Adipo,TMEM175,Inflammatory_polyneuropathy,39,0.1258748518951959,0,12.82051282051282
CIAP,S08,BNB_EC,TMEM175,Inflammatory_polyneuropathy,178,0.1458267951297995,0,8.426966292134832
CIAP,S08,B_cell,TMEM175,Inflammatory_polyneuropathy,58,0.1944208499082341,0,10.344827586206897
CIAP,S08,Endoneurial_stroma,TMEM175,Inflammatory_polyneuropathy,1015,0.1929328516023893,0,11.921182266009852
CIAP,S08,Epineurial_stroma,TMEM175,Inflammatory_polyneuropathy,906,0.1544691703121549,0,8.940397350993377
CIAP,S08,Granulocyte,TMEM175,Inflammatory_polyneuropathy,2,0,0,0
CIAP,S08,Macrophage,TMEM175,Inflammatory_polyneuropathy,467,0.1892707283106208,0,8.565310492505352
CIAP,S08,Mast,TMEM175,Inflammatory_polyneuropathy,46,0.0464936590621266,0,2.1739130434782608
CIAP,S08,Myelinating_SC,TMEM175,Inflammatory_polyneuropathy,34,0.0630600699017563,0,5.88235294117647
CIAP,S08,Nonmyelinating_SC,TMEM175,Inflammatory_polyneuropathy,1592,0.1088755817631434,0,5.402010050251256
CIAP,S08,Other_EC,TMEM175,Inflammatory_polyneuropathy,365,0.0787740617422111,0,4.383561643835616
CIAP,S08,Pericyte_VSMC,TMEM175,Inflammatory_polyneuropathy,639,0.111562797198785,0,6.259780907668231
CIAP,S08,Perineurium,TMEM175,Inflammatory_polyneuropathy,1878,0.1284185523864094,0,7.348242811501597
CIAP,S08,Repair_damage_SC,TMEM175,Inflammatory_polyneuropathy,803,0.0986426466242566,0,6.351183063511831
CIAP,S08,T_NK,TMEM175,Inflammatory_polyneuropathy,98,0.1593264562926826,0,7.142857142857142
CIAP,S08,Adipo,DCTN1,Inflammatory_polyneuropathy,39,0.092162564117209,0,15.384615384615383
CIAP,S08,BNB_EC,DCTN1,Inflammatory_polyneuropathy,178,0.0711647767191615,0,3.932584269662921
CIAP,S08,B_cell,DCTN1,Inflammatory_polyneuropathy,58,0.0310374784007935,0,1.7241379310344829
CIAP,S08,Endoneurial_stroma,DCTN1,Inflammatory_polyneuropathy,1015,0.1460884547949854,0,9.655172413793103
CIAP,S08,Epineurial_stroma,DCTN1,Inflammatory_polyneuropathy,906,0.1279989986213434,0,8.27814569536424
CIAP,S08,Granulocyte,DCTN1,Inflammatory_polyneuropathy,2,0.6800844958892167,0.6800844958892167,50
CIAP,S08,Macrophage,DCTN1,Inflammatory_polyneuropathy,467,0.0894302671594515,0,5.353319057815846
CIAP,S08,Mast,DCTN1,Inflammatory_polyneuropathy,46,0.1119821184567467,0,6.521739130434782
CIAP,S08,Myelinating_SC,DCTN1,Inflammatory_polyneuropathy,34,0.269681643102959,0,23.52941176470588
CIAP,S08,Nonmyelinating_SC,DCTN1,Inflammatory_polyneuropathy,1592,0.1701728375818492,0,8.542713567839195
CIAP,S08,Other_EC,DCTN1,Inflammatory_polyneuropathy,365,0.1413154770734334,0,8.493150684931507
CIAP,S08,Pericyte_VSMC,DCTN1,Inflammatory_polyneuropathy,639,0.2127156929791657,0,10.954616588419404
CIAP,S08,Perineurium,DCTN1,Inflammatory_polyneuropathy,1878,0.1641185612156263,0,9.531416400425986
CIAP,S08,Repair_damage_SC,DCTN1,Inflammatory_polyneuropathy,803,0.230252658617801,0,12.702366127023662
CIAP,S08,T_NK,DCTN1,Inflammatory_polyneuropathy,98,0.1297112374808258,0,6.122448979591836
CIAP,S08,Adipo,ME1,Inflammatory_polyneuropathy,39,1.1253970522726768,1.257214124515831,56.41025641025641
CIAP,S08,BNB_EC,ME1,Inflammatory_polyneuropathy,178,0.0063911766647958,0,0.5617977528089888
CIAP,S08,B_cell,ME1,Inflammatory_polyneuropathy,58,0.1716011655214586,0,5.172413793103448
CIAP,S08,Endoneurial_stroma,ME1,Inflammatory_polyneuropathy,1015,0.601576598586445,0,30.147783251231523
CIAP,S08,Epineurial_stroma,ME1,Inflammatory_polyneuropathy,906,0.5078142117740456,0,24.17218543046358
CIAP,S08,Granulocyte,ME1,Inflammatory_polyneuropathy,2,0,0,0
CIAP,S08,Macrophage,ME1,Inflammatory_polyneuropathy,467,1.2327443654336798,0,38.75802997858672
CIAP,S08,Mast,ME1,Inflammatory_polyneuropathy,46,0.0622155850143435,0,4.3478260869565215
CIAP,S08,Myelinating_SC,ME1,Inflammatory_polyneuropathy,34,0.5074855458373998,0,26.47058823529412
CIAP,S08,Nonmyelinating_SC,ME1,Inflammatory_polyneuropathy,1592,0.0194096698613416,0,1.3819095477386936
CIAP,S08,Other_EC,ME1,Inflammatory_polyneuropathy,365,0.0095951260930205,0,0.547945205479452
CIAP,S08,Pericyte_VSMC,ME1,Inflammatory_polyneuropathy,639,0.1335175153194933,0,6.572769953051644
CIAP,S08,Perineurium,ME1,Inflammatory_polyneuropathy,1878,0.4268349282650864,0,20.287539936102235
CIAP,S08,Repair_damage_SC,ME1,Inflammatory_polyneuropathy,803,0.1256531332325136,0,8.21917808219178
CIAP,S08,T_NK,ME1,Inflammatory_polyneuropathy,98,0.0455988853972909,0,1.020408163265306
CIAP,S09,Adipo,CDH4,CIDP,147,0.044728216813411,0,4.761904761904762
CIAP,S09,BNB_EC,CDH4,CIDP,152,0.0100284660950721,0,0.6578947368421052
CIAP,S09,B_cell,CDH4,CIDP,6,0,0,0
CIAP,S09,Endoneurial_stroma,CDH4,CIDP,1226,0.1159352497782861,0,5.30179445350734
CIAP,S09,Epineurial_stroma,CDH4,CIDP,1220,0.1647440827309571,0,7.62295081967213
CIAP,S09,Granulocyte,CDH4,CIDP,7,0,0,0
CIAP,S09,Macrophage,CDH4,CIDP,335,0.0229672670483427,0,1.1940298507462688
CIAP,S09,Mast,CDH4,CIDP,24,0.0923798949706572,0,4.166666666666666
CIAP,S09,Myelinating_SC,CDH4,CIDP,288,0.1473138361189069,0,5.902777777777778
CIAP,S09,Nonmyelinating_SC,CDH4,CIDP,2203,0.1593587487040581,0,6.173399909214707
CIAP,S09,Other_EC,CDH4,CIDP,869,0.0074086432969714,0,0.5753739930955121
CIAP,S09,Pericyte_VSMC,CDH4,CIDP,1354,0.0008931691443331,0,0.0738552437223042
CIAP,S09,Perineurium,CDH4,CIDP,2354,0.021442893356321,0,1.4018691588785046
CIAP,S09,Repair_damage_SC,CDH4,CIDP,132,0.1084367929555123,0,7.575757575757576
CIAP,S09,T_NK,CDH4,CIDP,71,0.0453156844614281,0,2.8169014084507045
CIAP,S09,Adipo,DIRAS1,CIDP,147,0,0,0
CIAP,S09,BNB_EC,DIRAS1,CIDP,152,0,0,0
CIAP,S09,B_cell,DIRAS1,CIDP,6,0,0,0
CIAP,S09,Endoneurial_stroma,DIRAS1,CIDP,1226,0,0,0
CIAP,S09,Epineurial_stroma,DIRAS1,CIDP,1220,0,0,0
CIAP,S09,Granulocyte,DIRAS1,CIDP,7,0,0,0
CIAP,S09,Macrophage,DIRAS1,CIDP,335,0,0,0
CIAP,S09,Mast,DIRAS1,CIDP,24,0,0,0
CIAP,S09,Myelinating_SC,DIRAS1,CIDP,288,0.0043429660510634,0,0.3472222222222222
CIAP,S09,Nonmyelinating_SC,DIRAS1,CIDP,2203,0.0018795694782173,0,0.0453926463912846
CIAP,S09,Other_EC,DIRAS1,CIDP,869,0,0,0
CIAP,S09,Pericyte_VSMC,DIRAS1,CIDP,1354,0.0013373050583188,0,0.0738552437223042
CIAP,S09,Perineurium,DIRAS1,CIDP,2354,0,0,0
CIAP,S09,Repair_damage_SC,DIRAS1,CIDP,132,0,0,0
CIAP,S09,T_NK,DIRAS1,CIDP,71,0,0,0
CIAP,S09,Adipo,GNG7,CIDP,147,0.1764755538173772,0,14.965986394557824
CIAP,S09,BNB_EC,GNG7,CIDP,152,0.2608730845795475,0,9.210526315789473
CIAP,S09,B_cell,GNG7,CIDP,6,3.101536351023097,2.973333841239282,100
CIAP,S09,Endoneurial_stroma,GNG7,CIDP,1226,0.0293815001836835,0,1.7128874388254487
CIAP,S09,Epineurial_stroma,GNG7,CIDP,1220,0.0643731574416277,0,3.278688524590164
CIAP,S09,Granulocyte,GNG7,CIDP,7,0,0,0
CIAP,S09,Macrophage,GNG7,CIDP,335,0.6854987758905212,0,24.776119402985078
CIAP,S09,Mast,GNG7,CIDP,24,0.1420109973190892,0,8.333333333333332
CIAP,S09,Myelinating_SC,GNG7,CIDP,288,0.0385128508094258,0,2.083333333333333
CIAP,S09,Nonmyelinating_SC,GNG7,CIDP,2203,0.0592978424591948,0,2.7689514298683613
CIAP,S09,Other_EC,GNG7,CIDP,869,0.2072705956127327,0,9.5512082853855
CIAP,S09,Pericyte_VSMC,GNG7,CIDP,1354,0.1077575181327749,0,4.579025110782865
CIAP,S09,Perineurium,GNG7,CIDP,2354,0.1613135297170605,0,9.345794392523365
CIAP,S09,Repair_damage_SC,GNG7,CIDP,132,0.2049135277435555,0,18.181818181818183
CIAP,S09,T_NK,GNG7,CIDP,71,0.1589708596099429,0,7.042253521126761
CIAP,S09,Adipo,SLC39A3,CIDP,147,0.0183631657307569,0,1.3605442176870748
CIAP,S09,BNB_EC,SLC39A3,CIDP,152,0,0,0
CIAP,S09,B_cell,SLC39A3,CIDP,6,0,0,0
CIAP,S09,Endoneurial_stroma,SLC39A3,CIDP,1226,0.0067208528380287,0,0.4078303425774877
CIAP,S09,Epineurial_stroma,SLC39A3,CIDP,1220,0.0105563660956092,0,0.5737704918032787
CIAP,S09,Granulocyte,SLC39A3,CIDP,7,0,0,0
CIAP,S09,Macrophage,SLC39A3,CIDP,335,0.0034263618823632,0,0.2985074626865672
CIAP,S09,Mast,SLC39A3,CIDP,24,0,0,0
CIAP,S09,Myelinating_SC,SLC39A3,CIDP,288,0.019691476893549,0,1.0416666666666663
CIAP,S09,Nonmyelinating_SC,SLC39A3,CIDP,2203,0.0079758707569886,0,0.4085338175215615
CIAP,S09,Other_EC,SLC39A3,CIDP,869,0.0150623432149045,0,0.6904487917146145
CIAP,S09,Pericyte_VSMC,SLC39A3,CIDP,1354,0.0051284726120218,0,0.2954209748892171
CIAP,S09,Perineurium,SLC39A3,CIDP,2354,0.0119043609433363,0,0.8496176720475787
CIAP,S09,Repair_damage_SC,SLC39A3,CIDP,132,0.0115607747899014,0,1.5151515151515151
CIAP,S09,T_NK,SLC39A3,CIDP,71,0.0304146126217182,0,1.4084507042253522
CIAP,S09,Adipo,DGKQ,Inflammatory_polyneuropathy,147,0.0758073007432152,0,5.442176870748299
CIAP,S09,BNB_EC,DGKQ,Inflammatory_polyneuropathy,152,0,0,0
CIAP,S09,B_cell,DGKQ,Inflammatory_polyneuropathy,6,0,0,0
CIAP,S09,Endoneurial_stroma,DGKQ,Inflammatory_polyneuropathy,1226,0.0420073292493522,0,2.202283849918434
CIAP,S09,Epineurial_stroma,DGKQ,Inflammatory_polyneuropathy,1220,0.0291564590953044,0,1.557377049180328
CIAP,S09,Granulocyte,DGKQ,Inflammatory_polyneuropathy,7,0,0,0
CIAP,S09,Macrophage,DGKQ,Inflammatory_polyneuropathy,335,0.0823984391732989,0,2.985074626865672
CIAP,S09,Mast,DGKQ,Inflammatory_polyneuropathy,24,0,0,0
CIAP,S09,Myelinating_SC,DGKQ,Inflammatory_polyneuropathy,288,0.0461877869571839,0,2.083333333333333
CIAP,S09,Nonmyelinating_SC,DGKQ,Inflammatory_polyneuropathy,2203,0.0078714700014923,0,0.3177485247389923
CIAP,S09,Other_EC,DGKQ,Inflammatory_polyneuropathy,869,0.0408526367348313,0,1.9562715765247407
CIAP,S09,Pericyte_VSMC,DGKQ,Inflammatory_polyneuropathy,1354,0.0106605831258622,0,0.51698670605613
CIAP,S09,Perineurium,DGKQ,Inflammatory_polyneuropathy,2354,0.016436256861815,0,0.9770603228547154
CIAP,S09,Repair_damage_SC,DGKQ,Inflammatory_polyneuropathy,132,0.0249744413186181,0,2.272727272727273
CIAP,S09,T_NK,DGKQ,Inflammatory_polyneuropathy,71,0.1406052748750368,0,5.633802816901409
CIAP,S09,Adipo,GLDC,Inflammatory_polyneuropathy,147,0.0214970860819698,0,2.0408163265306123
CIAP,S09,BNB_EC,GLDC,Inflammatory_polyneuropathy,152,0.0067465275105733,0,0.6578947368421052
CIAP,S09,B_cell,GLDC,Inflammatory_polyneuropathy,6,0,0,0
CIAP,S09,Endoneurial_stroma,GLDC,Inflammatory_polyneuropathy,1226,0.0128421481558226,0,0.734094616639478
CIAP,S09,Epineurial_stroma,GLDC,Inflammatory_polyneuropathy,1220,0.0096356113391756,0,0.4918032786885246
CIAP,S09,Granulocyte,GLDC,Inflammatory_polyneuropathy,7,0,0,0
CIAP,S09,Macrophage,GLDC,Inflammatory_polyneuropathy,335,0.0109736605107903,0,0.5970149253731344
CIAP,S09,Mast,GLDC,Inflammatory_polyneuropathy,24,0.1034440657894341,0,4.166666666666666
CIAP,S09,Myelinating_SC,GLDC,Inflammatory_polyneuropathy,288,1.455334575627134,0,49.65277777777778
CIAP,S09,Nonmyelinating_SC,GLDC,Inflammatory_polyneuropathy,2203,0.031015079740444,0,1.407172038129823
CIAP,S09,Other_EC,GLDC,Inflammatory_polyneuropathy,869,0.033395666271234,0,1.380897583429229
CIAP,S09,Pericyte_VSMC,GLDC,Inflammatory_polyneuropathy,1354,0.0030888981294401,0,0.1477104874446085
CIAP,S09,Perineurium,GLDC,Inflammatory_polyneuropathy,2354,0.002193235241204,0,0.1274426508071368
CIAP,S09,Repair_damage_SC,GLDC,Inflammatory_polyneuropathy,132,0.1418695718520665,0,9.090909090909092
CIAP,S09,T_NK,GLDC,Inflammatory_polyneuropathy,71,0,0,0
CIAP,S09,Adipo,IDUA,Inflammatory_polyneuropathy,147,0.0215228657875533,0,2.7210884353741496
CIAP,S09,BNB_EC,IDUA,Inflammatory_polyneuropathy,152,0.0273165726156589,0,1.3157894736842104
CIAP,S09,B_cell,IDUA,Inflammatory_polyneuropathy,6,0,0,0
CIAP,S09,Endoneurial_stroma,IDUA,Inflammatory_polyneuropathy,1226,0.0556741187211691,0,2.691680261011419
CIAP,S09,Epineurial_stroma,IDUA,Inflammatory_polyneuropathy,1220,0.026131698726297,0,1.475409836065574
CIAP,S09,Granulocyte,IDUA,Inflammatory_polyneuropathy,7,0,0,0
CIAP,S09,Macrophage,IDUA,Inflammatory_polyneuropathy,335,0.114777656739121,0,4.179104477611941
CIAP,S09,Mast,IDUA,Inflammatory_polyneuropathy,24,0.0909100000705327,0,4.166666666666666
CIAP,S09,Myelinating_SC,IDUA,Inflammatory_polyneuropathy,288,0.0442238146291619,0,2.430555555555556
CIAP,S09,Nonmyelinating_SC,IDUA,Inflammatory_polyneuropathy,2203,0.0288741191026675,0,1.2709940989559692
CIAP,S09,Other_EC,IDUA,Inflammatory_polyneuropathy,869,0.0420534074971918,0,2.3014959723820483
CIAP,S09,Pericyte_VSMC,IDUA,Inflammatory_polyneuropathy,1354,0.0065173161225387,0,0.3692762186115214
CIAP,S09,Perineurium,IDUA,Inflammatory_polyneuropathy,2354,0.0192671882934594,0,1.104502973661852
CIAP,S09,Repair_damage_SC,IDUA,Inflammatory_polyneuropathy,132,0.103721863513201,0,5.303030303030303
CIAP,S09,T_NK,IDUA,Inflammatory_polyneuropathy,71,0,0,0
CIAP,S09,Adipo,SLAMF9,Inflammatory_polyneuropathy,147,0,0,0
CIAP,S09,BNB_EC,SLAMF9,Inflammatory_polyneuropathy,152,0,0,0
CIAP,S09,B_cell,SLAMF9,Inflammatory_polyneuropathy,6,0,0,0
CIAP,S09,Endoneurial_stroma,SLAMF9,Inflammatory_polyneuropathy,1226,0,0,0
CIAP,S09,Epineurial_stroma,SLAMF9,Inflammatory_polyneuropathy,1220,0,0,0
CIAP,S09,Granulocyte,SLAMF9,Inflammatory_polyneuropathy,7,0,0,0
CIAP,S09,Macrophage,SLAMF9,Inflammatory_polyneuropathy,335,0,0,0
CIAP,S09,Mast,SLAMF9,Inflammatory_polyneuropathy,24,0,0,0
CIAP,S09,Myelinating_SC,SLAMF9,Inflammatory_polyneuropathy,288,0,0,0
CIAP,S09,Nonmyelinating_SC,SLAMF9,Inflammatory_polyneuropathy,2203,0,0,0
CIAP,S09,Other_EC,SLAMF9,Inflammatory_polyneuropathy,869,0,0,0
CIAP,S09,Pericyte_VSMC,SLAMF9,Inflammatory_polyneuropathy,1354,0,0,0
CIAP,S09,Perineurium,SLAMF9,Inflammatory_polyneuropathy,2354,0,0,0
CIAP,S09,Repair_damage_SC,SLAMF9,Inflammatory_polyneuropathy,132,0,0,0
CIAP,S09,T_NK,SLAMF9,Inflammatory_polyneuropathy,71,0,0,0
CIAP,S09,Adipo,TMEM175,Inflammatory_polyneuropathy,147,0.0980274716558406,0,8.16326530612245
CIAP,S09,BNB_EC,TMEM175,Inflammatory_polyneuropathy,152,0.1017206133777982,0,5.263157894736842
CIAP,S09,B_cell,TMEM175,Inflammatory_polyneuropathy,6,0,0,0
CIAP,S09,Endoneurial_stroma,TMEM175,Inflammatory_polyneuropathy,1226,0.1628818375183429,0,7.830342577487764
CIAP,S09,Epineurial_stroma,TMEM175,Inflammatory_polyneuropathy,1220,0.1381886272445939,0,6.639344262295081
CIAP,S09,Granulocyte,TMEM175,Inflammatory_polyneuropathy,7,0,0,0
CIAP,S09,Macrophage,TMEM175,Inflammatory_polyneuropathy,335,0.14639542790266,0,6.26865671641791
CIAP,S09,Mast,TMEM175,Inflammatory_polyneuropathy,24,0.0923282681004045,0,4.166666666666666
CIAP,S09,Myelinating_SC,TMEM175,Inflammatory_polyneuropathy,288,0.0967048768542192,0,5.902777777777778
CIAP,S09,Nonmyelinating_SC,TMEM175,Inflammatory_polyneuropathy,2203,0.1027421738548356,0,4.357694053563323
CIAP,S09,Other_EC,TMEM175,Inflammatory_polyneuropathy,869,0.100473111046211,0,4.948216340621404
CIAP,S09,Pericyte_VSMC,TMEM175,Inflammatory_polyneuropathy,1354,0.0821701877697482,0,4.062038404726736
CIAP,S09,Perineurium,TMEM175,Inflammatory_polyneuropathy,2354,0.0947049717115924,0,5.564995751911639
CIAP,S09,Repair_damage_SC,TMEM175,Inflammatory_polyneuropathy,132,0.1447251229862502,0,11.363636363636363
CIAP,S09,T_NK,TMEM175,Inflammatory_polyneuropathy,71,0.1370610517098656,0,5.633802816901409
CIAP,S09,Adipo,DCTN1,Inflammatory_polyneuropathy,147,0.1369575221213403,0,10.884353741496598
CIAP,S09,BNB_EC,DCTN1,Inflammatory_polyneuropathy,152,0.0549954913951796,0,3.289473684210526
CIAP,S09,B_cell,DCTN1,Inflammatory_polyneuropathy,6,0,0,0
CIAP,S09,Endoneurial_stroma,DCTN1,Inflammatory_polyneuropathy,1226,0.0770756918416987,0,4.404567699836868
CIAP,S09,Epineurial_stroma,DCTN1,Inflammatory_polyneuropathy,1220,0.1127538687322459,0,6.229508196721312
CIAP,S09,Granulocyte,DCTN1,Inflammatory_polyneuropathy,7,0,0,0
CIAP,S09,Macrophage,DCTN1,Inflammatory_polyneuropathy,335,0.0647247371853285,0,3.582089552238806
CIAP,S09,Mast,DCTN1,Inflammatory_polyneuropathy,24,0,0,0
CIAP,S09,Myelinating_SC,DCTN1,Inflammatory_polyneuropathy,288,0.1088781904712168,0,5.902777777777778
CIAP,S09,Nonmyelinating_SC,DCTN1,Inflammatory_polyneuropathy,2203,0.1022056869357757,0,4.857013163867453
CIAP,S09,Other_EC,DCTN1,Inflammatory_polyneuropathy,869,0.1262929228877444,0,7.364787111622554
CIAP,S09,Pericyte_VSMC,DCTN1,Inflammatory_polyneuropathy,1354,0.133143635808173,0,6.573116691285081
CIAP,S09,Perineurium,DCTN1,Inflammatory_polyneuropathy,2354,0.1675467085616808,0,9.89804587935429
CIAP,S09,Repair_damage_SC,DCTN1,Inflammatory_polyneuropathy,132,0.2706101395853021,0,15.151515151515152
CIAP,S09,T_NK,DCTN1,Inflammatory_polyneuropathy,71,0.0627107913308297,0,2.8169014084507045
CIAP,S09,Adipo,ME1,Inflammatory_polyneuropathy,147,1.968144009662552,2.150166308567348,78.2312925170068
CIAP,S09,BNB_EC,ME1,Inflammatory_polyneuropathy,152,0.0237391184323109,0,1.3157894736842104
CIAP,S09,B_cell,ME1,Inflammatory_polyneuropathy,6,0,0,0
CIAP,S09,Endoneurial_stroma,ME1,Inflammatory_polyneuropathy,1226,0.5657085330513792,0,23.817292006525285
CIAP,S09,Epineurial_stroma,ME1,Inflammatory_polyneuropathy,1220,0.5509222734189596,0,23.0327868852459
CIAP,S09,Granulocyte,ME1,Inflammatory_polyneuropathy,7,0,0,0
CIAP,S09,Macrophage,ME1,Inflammatory_polyneuropathy,335,0.6817270710534864,0,22.686567164179102
CIAP,S09,Mast,ME1,Inflammatory_polyneuropathy,24,0,0,0
CIAP,S09,Myelinating_SC,ME1,Inflammatory_polyneuropathy,288,0.3111195371371195,0,14.930555555555555
CIAP,S09,Nonmyelinating_SC,ME1,Inflammatory_polyneuropathy,2203,0.0197590610951929,0,1.1348161597821154
CIAP,S09,Other_EC,ME1,Inflammatory_polyneuropathy,869,0.0226308819892958,0,1.380897583429229
CIAP,S09,Pericyte_VSMC,ME1,Inflammatory_polyneuropathy,1354,0.360220577427044,0,14.697193500738551
CIAP,S09,Perineurium,ME1,Inflammatory_polyneuropathy,2354,0.3734060848073747,0,18.521665250637213
CIAP,S09,Repair_damage_SC,ME1,Inflammatory_polyneuropathy,132,0.1928579743491895,0,15.909090909090908
CIAP,S09,T_NK,ME1,Inflammatory_polyneuropathy,71,0.0883021404630604,0,4.225352112676056
CIAP,S10,Adipo,CDH4,CIDP,90,0.0230070078995362,0,2.2222222222222223
CIAP,S10,BNB_EC,CDH4,CIDP,198,0,0,0
CIAP,S10,B_cell,CDH4,CIDP,5,0,0,0
CIAP,S10,Endoneurial_stroma,CDH4,CIDP,750,0.1531860920450696,0,6.933333333333333
CIAP,S10,Epineurial_stroma,CDH4,CIDP,883,0.1842465936685751,0,7.587768969422423
CIAP,S10,Granulocyte,CDH4,CIDP,54,0,0,0
CIAP,S10,Macrophage,CDH4,CIDP,526,0,0,0
CIAP,S10,Mast,CDH4,CIDP,27,0,0,0
CIAP,S10,Myelinating_SC,CDH4,CIDP,377,0.2441925977101435,0,9.814323607427056
CIAP,S10,Nonmyelinating_SC,CDH4,CIDP,3624,0.1450016122107844,0,5.491169977924945
CIAP,S10,Other_EC,CDH4,CIDP,912,0.0109885028857547,0,0.4385964912280701
CIAP,S10,Pericyte_VSMC,CDH4,CIDP,2338,0.001584081236424,0,0.1283147989734816
CIAP,S10,Perineurium,CDH4,CIDP,2682,0.0465156311993515,0,2.609992542878449
CIAP,S10,Repair_damage_SC,CDH4,CIDP,102,0.2929398863435266,0,12.745098039215684
CIAP,S10,T_NK,CDH4,CIDP,78,0.0274803200826147,0,1.282051282051282
CIAP,S10,Adipo,DIRAS1,CIDP,90,0,0,0
CIAP,S10,BNB_EC,DIRAS1,CIDP,198,0,0,0
CIAP,S10,B_cell,DIRAS1,CIDP,5,0,0,0
CIAP,S10,Endoneurial_stroma,DIRAS1,CIDP,750,0,0,0
CIAP,S10,Epineurial_stroma,DIRAS1,CIDP,883,0,0,0
CIAP,S10,Granulocyte,DIRAS1,CIDP,54,0,0,0
CIAP,S10,Macrophage,DIRAS1,CIDP,526,0,0,0
CIAP,S10,Mast,DIRAS1,CIDP,27,0,0,0
CIAP,S10,Myelinating_SC,DIRAS1,CIDP,377,0,0,0
CIAP,S10,Nonmyelinating_SC,DIRAS1,CIDP,3624,0.0025664827435451,0,0.1379690949227373
CIAP,S10,Other_EC,DIRAS1,CIDP,912,0,0,0
CIAP,S10,Pericyte_VSMC,DIRAS1,CIDP,2338,0.0010635030926904,0,0.0427715996578272
CIAP,S10,Perineurium,DIRAS1,CIDP,2682,0.00056795972798,0,0.0372856077554064
CIAP,S10,Repair_damage_SC,DIRAS1,CIDP,102,0.0226425822166654,0,0.9803921568627452
CIAP,S10,T_NK,DIRAS1,CIDP,78,0,0,0
CIAP,S10,Adipo,GNG7,CIDP,90,0.1268261271378871,0,12.22222222222222
CIAP,S10,BNB_EC,GNG7,CIDP,198,0.1263049772941508,0,7.07070707070707
CIAP,S10,B_cell,GNG7,CIDP,5,4.003344912183037,3.8547949409731728,100
CIAP,S10,Endoneurial_stroma,GNG7,CIDP,750,0.0063722651539115,0,0.4
CIAP,S10,Epineurial_stroma,GNG7,CIDP,883,0.0610209389908225,0,3.171007927519818
CIAP,S10,Granulocyte,GNG7,CIDP,54,0,0,0
CIAP,S10,Macrophage,GNG7,CIDP,526,0.403848390493029,0,14.638783269961978
CIAP,S10,Mast,GNG7,CIDP,27,0.2477984163490689,0,11.11111111111111
CIAP,S10,Myelinating_SC,GNG7,CIDP,377,0.017125859439039,0,1.326259946949602
CIAP,S10,Nonmyelinating_SC,GNG7,CIDP,3624,0.0404200729881933,0,1.7660044150110374
CIAP,S10,Other_EC,GNG7,CIDP,912,0.1994615651508033,0,9.758771929824562
CIAP,S10,Pericyte_VSMC,GNG7,CIDP,2338,0.0953541335150444,0,4.362703165098375
CIAP,S10,Perineurium,GNG7,CIDP,2682,0.1282156850354941,0,7.718120805369128
CIAP,S10,Repair_damage_SC,GNG7,CIDP,102,0.1425585496297277,0,7.84313725490196
CIAP,S10,T_NK,GNG7,CIDP,78,0,0,0
CIAP,S10,Adipo,SLC39A3,CIDP,90,0.0255679523723642,0,2.2222222222222223
CIAP,S10,BNB_EC,SLC39A3,CIDP,198,0.0056499892325272,0,0.5050505050505051
CIAP,S10,B_cell,SLC39A3,CIDP,5,0,0,0
CIAP,S10,Endoneurial_stroma,SLC39A3,CIDP,750,0,0,0
CIAP,S10,Epineurial_stroma,SLC39A3,CIDP,883,0.0066305177684277,0,0.5662514156285391
CIAP,S10,Granulocyte,SLC39A3,CIDP,54,0,0,0
CIAP,S10,Macrophage,SLC39A3,CIDP,526,0.0161126904544564,0,0.7604562737642585
CIAP,S10,Mast,SLC39A3,CIDP,27,0,0,0
CIAP,S10,Myelinating_SC,SLC39A3,CIDP,377,0.0125982402829211,0,1.0610079575596816
CIAP,S10,Nonmyelinating_SC,SLC39A3,CIDP,3624,0.0147175525948567,0,0.6622516556291391
CIAP,S10,Other_EC,SLC39A3,CIDP,912,0.0086154938778497,0,0.4385964912280701
CIAP,S10,Pericyte_VSMC,SLC39A3,CIDP,2338,0.0253099943707198,0,1.3259195893926432
CIAP,S10,Perineurium,SLC39A3,CIDP,2682,0.0118005484567667,0,0.9321401938851605
CIAP,S10,Repair_damage_SC,SLC39A3,CIDP,102,0.0119242114556007,0,0.9803921568627452
CIAP,S10,T_NK,SLC39A3,CIDP,78,0.0400977315225098,0,1.282051282051282
CIAP,S10,Adipo,DGKQ,Inflammatory_polyneuropathy,90,0.0249753489158616,0,2.2222222222222223
CIAP,S10,BNB_EC,DGKQ,Inflammatory_polyneuropathy,198,0.1032222652845817,0,5.05050505050505
CIAP,S10,B_cell,DGKQ,Inflammatory_polyneuropathy,5,0.6534510552337427,0,20
CIAP,S10,Endoneurial_stroma,DGKQ,Inflammatory_polyneuropathy,750,0.0333693206400046,0,2
CIAP,S10,Epineurial_stroma,DGKQ,Inflammatory_polyneuropathy,883,0.0347714204147845,0,2.0385050962627407
CIAP,S10,Granulocyte,DGKQ,Inflammatory_polyneuropathy,54,0,0,0
CIAP,S10,Macrophage,DGKQ,Inflammatory_polyneuropathy,526,0.0524776136044933,0,2.091254752851711
CIAP,S10,Mast,DGKQ,Inflammatory_polyneuropathy,27,0.0777401041078192,0,3.7037037037037033
CIAP,S10,Myelinating_SC,DGKQ,Inflammatory_polyneuropathy,377,0.0365351162473448,0,2.122015915119363
CIAP,S10,Nonmyelinating_SC,DGKQ,Inflammatory_polyneuropathy,3624,0.0098601685128513,0,0.4966887417218543
CIAP,S10,Other_EC,DGKQ,Inflammatory_polyneuropathy,912,0.0444632702518282,0,2.083333333333333
CIAP,S10,Pericyte_VSMC,DGKQ,Inflammatory_polyneuropathy,2338,0.0115058532116309,0,0.6843455945252352
CIAP,S10,Perineurium,DGKQ,Inflammatory_polyneuropathy,2682,0.0197539906301968,0,1.2304250559284116
CIAP,S10,Repair_damage_SC,DGKQ,Inflammatory_polyneuropathy,102,0.0596832268809161,0,2.941176470588235
CIAP,S10,T_NK,DGKQ,Inflammatory_polyneuropathy,78,0.0365711961601189,0,1.282051282051282
CIAP,S10,Adipo,GLDC,Inflammatory_polyneuropathy,90,0,0,0
CIAP,S10,BNB_EC,GLDC,Inflammatory_polyneuropathy,198,0,0,0
CIAP,S10,B_cell,GLDC,Inflammatory_polyneuropathy,5,0,0,0
CIAP,S10,Endoneurial_stroma,GLDC,Inflammatory_polyneuropathy,750,0,0,0
CIAP,S10,Epineurial_stroma,GLDC,Inflammatory_polyneuropathy,883,0.0060555879732671,0,0.2265005662514156
CIAP,S10,Granulocyte,GLDC,Inflammatory_polyneuropathy,54,0,0,0
CIAP,S10,Macrophage,GLDC,Inflammatory_polyneuropathy,526,0.0132733239971644,0,0.3802281368821292
CIAP,S10,Mast,GLDC,Inflammatory_polyneuropathy,27,0,0,0
CIAP,S10,Myelinating_SC,GLDC,Inflammatory_polyneuropathy,377,1.4294558085242743,0,49.60212201591512
CIAP,S10,Nonmyelinating_SC,GLDC,Inflammatory_polyneuropathy,3624,0.0240733985050549,0,1.076158940397351
CIAP,S10,Other_EC,GLDC,Inflammatory_polyneuropathy,912,0.0040119779895622,0,0.219298245614035
CIAP,S10,Pericyte_VSMC,GLDC,Inflammatory_polyneuropathy,2338,0.0012077985860356,0,0.0855431993156544
CIAP,S10,Perineurium,GLDC,Inflammatory_polyneuropathy,2682,0.007107785581524,0,0.5592841163310962
CIAP,S10,Repair_damage_SC,GLDC,Inflammatory_polyneuropathy,102,0.2469186164576299,0,10.784313725490197
CIAP,S10,T_NK,GLDC,Inflammatory_polyneuropathy,78,0,0,0
CIAP,S10,Adipo,IDUA,Inflammatory_polyneuropathy,90,0.0225880039255868,0,2.2222222222222223
CIAP,S10,BNB_EC,IDUA,Inflammatory_polyneuropathy,198,0.0868730626734316,0,4.545454545454546
CIAP,S10,B_cell,IDUA,Inflammatory_polyneuropathy,5,0,0,0
CIAP,S10,Endoneurial_stroma,IDUA,Inflammatory_polyneuropathy,750,0.0571982338418832,0,3.0666666666666664
CIAP,S10,Epineurial_stroma,IDUA,Inflammatory_polyneuropathy,883,0.0493034573542688,0,2.718006795016988
CIAP,S10,Granulocyte,IDUA,Inflammatory_polyneuropathy,54,0,0,0
CIAP,S10,Macrophage,IDUA,Inflammatory_polyneuropathy,526,0.0522564021757689,0,2.281368821292776
CIAP,S10,Mast,IDUA,Inflammatory_polyneuropathy,27,0,0,0
CIAP,S10,Myelinating_SC,IDUA,Inflammatory_polyneuropathy,377,0.0271140869338342,0,1.326259946949602
CIAP,S10,Nonmyelinating_SC,IDUA,Inflammatory_polyneuropathy,3624,0.0280594495817819,0,1.2969094922737308
CIAP,S10,Other_EC,IDUA,Inflammatory_polyneuropathy,912,0.0477610551876901,0,2.7412280701754383
CIAP,S10,Pericyte_VSMC,IDUA,Inflammatory_polyneuropathy,2338,0.0117266063278125,0,0.7271171941830624
CIAP,S10,Perineurium,IDUA,Inflammatory_polyneuropathy,2682,0.0262029474713527,0,1.7897091722595078
CIAP,S10,Repair_damage_SC,IDUA,Inflammatory_polyneuropathy,102,0.0072531744477658,0,0.9803921568627452
CIAP,S10,T_NK,IDUA,Inflammatory_polyneuropathy,78,0,0,0
CIAP,S10,Adipo,SLAMF9,Inflammatory_polyneuropathy,90,0,0,0
CIAP,S10,BNB_EC,SLAMF9,Inflammatory_polyneuropathy,198,0,0,0
CIAP,S10,B_cell,SLAMF9,Inflammatory_polyneuropathy,5,0,0,0
CIAP,S10,Endoneurial_stroma,SLAMF9,Inflammatory_polyneuropathy,750,0,0,0
CIAP,S10,Epineurial_stroma,SLAMF9,Inflammatory_polyneuropathy,883,0,0,0
CIAP,S10,Granulocyte,SLAMF9,Inflammatory_polyneuropathy,54,0,0,0
CIAP,S10,Macrophage,SLAMF9,Inflammatory_polyneuropathy,526,0,0,0
CIAP,S10,Mast,SLAMF9,Inflammatory_polyneuropathy,27,0,0,0
CIAP,S10,Myelinating_SC,SLAMF9,Inflammatory_polyneuropathy,377,0,0,0
CIAP,S10,Nonmyelinating_SC,SLAMF9,Inflammatory_polyneuropathy,3624,0.0005300180643921,0,0.0275938189845474
CIAP,S10,Other_EC,SLAMF9,Inflammatory_polyneuropathy,912,0,0,0
CIAP,S10,Pericyte_VSMC,SLAMF9,Inflammatory_polyneuropathy,2338,0,0,0
CIAP,S10,Perineurium,SLAMF9,Inflammatory_polyneuropathy,2682,0,0,0
CIAP,S10,Repair_damage_SC,SLAMF9,Inflammatory_polyneuropathy,102,0,0,0
CIAP,S10,T_NK,SLAMF9,Inflammatory_polyneuropathy,78,0,0,0
CIAP,S10,Adipo,TMEM175,Inflammatory_polyneuropathy,90,0.1298320091246854,0,11.11111111111111
CIAP,S10,BNB_EC,TMEM175,Inflammatory_polyneuropathy,198,0.0700025862210564,0,4.040404040404041
CIAP,S10,B_cell,TMEM175,Inflammatory_polyneuropathy,5,0.2069512823741833,0,20
CIAP,S10,Endoneurial_stroma,TMEM175,Inflammatory_polyneuropathy,750,0.2760813110697465,0,14.133333333333336
CIAP,S10,Epineurial_stroma,TMEM175,Inflammatory_polyneuropathy,883,0.1575512614625833,0,8.493771234428086
CIAP,S10,Granulocyte,TMEM175,Inflammatory_polyneuropathy,54,0.0417446811186075,0,1.851851851851852
CIAP,S10,Macrophage,TMEM175,Inflammatory_polyneuropathy,526,0.1417279519059054,0,6.4638783269961975
CIAP,S10,Mast,TMEM175,Inflammatory_polyneuropathy,27,0,0,0
CIAP,S10,Myelinating_SC,TMEM175,Inflammatory_polyneuropathy,377,0.1263529242476168,0,8.222811671087534
CIAP,S10,Nonmyelinating_SC,TMEM175,Inflammatory_polyneuropathy,3624,0.1241817202478225,0,5.656732891832229
CIAP,S10,Other_EC,TMEM175,Inflammatory_polyneuropathy,912,0.0980550293033979,0,5.37280701754386
CIAP,S10,Pericyte_VSMC,TMEM175,Inflammatory_polyneuropathy,2338,0.1453755918180939,0,7.100085543199315
CIAP,S10,Perineurium,TMEM175,Inflammatory_polyneuropathy,2682,0.1498278340330679,0,8.985831469052947
CIAP,S10,Repair_damage_SC,TMEM175,Inflammatory_polyneuropathy,102,0.1764047802655397,0,10.784313725490197
CIAP,S10,T_NK,TMEM175,Inflammatory_polyneuropathy,78,0.2571450809478681,0,7.6923076923076925
CIAP,S10,Adipo,DCTN1,Inflammatory_polyneuropathy,90,0.056708563402213,0,5.555555555555555
CIAP,S10,BNB_EC,DCTN1,Inflammatory_polyneuropathy,198,0.0655955759601205,0,4.040404040404041
CIAP,S10,B_cell,DCTN1,Inflammatory_polyneuropathy,5,0,0,0
CIAP,S10,Endoneurial_stroma,DCTN1,Inflammatory_polyneuropathy,750,0.050360186075799,0,3.4666666666666663
CIAP,S10,Epineurial_stroma,DCTN1,Inflammatory_polyneuropathy,883,0.1023434738277604,0,6.2287655719139305
CIAP,S10,Granulocyte,DCTN1,Inflammatory_polyneuropathy,54,0.0696279069195446,0,1.851851851851852
CIAP,S10,Macrophage,DCTN1,Inflammatory_polyneuropathy,526,0.0300235431825756,0,1.9011406844106464
CIAP,S10,Mast,DCTN1,Inflammatory_polyneuropathy,27,0.0707590918382336,0,3.7037037037037033
CIAP,S10,Myelinating_SC,DCTN1,Inflammatory_polyneuropathy,377,0.0610496879603124,0,3.978779840848806
CIAP,S10,Nonmyelinating_SC,DCTN1,Inflammatory_polyneuropathy,3624,0.0966671096256697,0,4.966887417218543
CIAP,S10,Other_EC,DCTN1,Inflammatory_polyneuropathy,912,0.1050423448719866,0,5.921052631578947
CIAP,S10,Pericyte_VSMC,DCTN1,Inflammatory_polyneuropathy,2338,0.1473079053686106,0,7.399486740804106
CIAP,S10,Perineurium,DCTN1,Inflammatory_polyneuropathy,2682,0.1473886035792404,0,9.321401938851604
CIAP,S10,Repair_damage_SC,DCTN1,Inflammatory_polyneuropathy,102,0.152765660204467,0,8.823529411764707
CIAP,S10,T_NK,DCTN1,Inflammatory_polyneuropathy,78,0,0,0
CIAP,S10,Adipo,ME1,Inflammatory_polyneuropathy,90,1.5352302397545627,1.4809457755564168,66.66666666666666
CIAP,S10,BNB_EC,ME1,Inflammatory_polyneuropathy,198,0,0,0
CIAP,S10,B_cell,ME1,Inflammatory_polyneuropathy,5,0,0,0
CIAP,S10,Endoneurial_stroma,ME1,Inflammatory_polyneuropathy,750,0.7961218023793603,0,33.86666666666667
CIAP,S10,Epineurial_stroma,ME1,Inflammatory_polyneuropathy,883,0.6950059741721223,0,28.65232163080408
CIAP,S10,Granulocyte,ME1,Inflammatory_polyneuropathy,54,0.2030717653391059,0,3.7037037037037033
CIAP,S10,Macrophage,ME1,Inflammatory_polyneuropathy,526,1.312653689037091,0,37.45247148288973
CIAP,S10,Mast,ME1,Inflammatory_polyneuropathy,27,0,0,0
CIAP,S10,Myelinating_SC,ME1,Inflammatory_polyneuropathy,377,0.6990868840863503,0,25.9946949602122
CIAP,S10,Nonmyelinating_SC,ME1,Inflammatory_polyneuropathy,3624,0.010947292902623,0,0.4690949227373068
CIAP,S10,Other_EC,ME1,Inflammatory_polyneuropathy,912,0.0033220726374899,0,0.219298245614035
CIAP,S10,Pericyte_VSMC,ME1,Inflammatory_polyneuropathy,2338,0.1445364668959645,0,6.544054747647563
CIAP,S10,Perineurium,ME1,Inflammatory_polyneuropathy,2682,0.5352851301395438,0,25.279642058165543
CIAP,S10,Repair_damage_SC,ME1,Inflammatory_polyneuropathy,102,0.2340480064554468,0,9.803921568627452
CIAP,S10,T_NK,ME1,Inflammatory_polyneuropathy,78,0.1712444736050936,0,5.128205128205128
CIDP,S11,Adipo,CDH4,CIDP,320,0.0966863190042987,0,11.5625
CIDP,S11,BNB_EC,CDH4,CIDP,296,0.0021248594748237,0,0.3378378378378378
CIDP,S11,B_cell,CDH4,CIDP,14,0,0,0
CIDP,S11,Endoneurial_stroma,CDH4,CIDP,1489,0.221341337656843,0,11.01410342511753
CIDP,S11,Epineurial_stroma,CDH4,CIDP,1143,0.1472904240925848,0,9.186351706036746
CIDP,S11,Granulocyte,CDH4,CIDP,19,0,0,0
CIDP,S11,Macrophage,CDH4,CIDP,535,0.0615533246700914,0,4.485981308411215
CIDP,S11,Mast,CDH4,CIDP,44,0.1105460292598927,0,4.545454545454546
CIDP,S11,Myelinating_SC,CDH4,CIDP,212,0.5086639596291611,0,22.641509433962263
CIDP,S11,Nonmyelinating_SC,CDH4,CIDP,2275,0.6730095204625758,0,25.71428571428571
CIDP,S11,Other_EC,CDH4,CIDP,1498,0.0052692279851431,0,0.4005340453938585
CIDP,S11,Pericyte_VSMC,CDH4,CIDP,2655,0.0009074615534136,0,0.0376647834274952
CIDP,S11,Perineurium,CDH4,CIDP,1918,0.0069672138191563,0,0.6256517205422315
CIDP,S11,Repair_damage_SC,CDH4,CIDP,216,0.8184576951039103,0,31.48148148148148
CIDP,S11,T_NK,CDH4,CIDP,114,0.105331023485265,0,4.385964912280701
CIDP,S11,Adipo,DIRAS1,CIDP,320,0,0,0
CIDP,S11,BNB_EC,DIRAS1,CIDP,296,0,0,0
CIDP,S11,B_cell,DIRAS1,CIDP,14,0.0773818048359511,0,7.142857142857142
CIDP,S11,Endoneurial_stroma,DIRAS1,CIDP,1489,0,0,0
CIDP,S11,Epineurial_stroma,DIRAS1,CIDP,1143,0.0007481514039754,0,0.0874890638670166
CIDP,S11,Granulocyte,DIRAS1,CIDP,19,0,0,0
CIDP,S11,Macrophage,DIRAS1,CIDP,535,0,0,0
CIDP,S11,Mast,DIRAS1,CIDP,44,0,0,0
CIDP,S11,Myelinating_SC,DIRAS1,CIDP,212,0,0,0
CIDP,S11,Nonmyelinating_SC,DIRAS1,CIDP,2275,0.002709385544987,0,0.1318681318681318
CIDP,S11,Other_EC,DIRAS1,CIDP,1498,0,0,0
CIDP,S11,Pericyte_VSMC,DIRAS1,CIDP,2655,0,0,0
CIDP,S11,Perineurium,DIRAS1,CIDP,1918,0.0007996612906,0,0.0521376433785192
CIDP,S11,Repair_damage_SC,DIRAS1,CIDP,216,0.0210182874672941,0,1.3888888888888888
CIDP,S11,T_NK,DIRAS1,CIDP,114,0,0,0
CIDP,S11,Adipo,GNG7,CIDP,320,0.1122879758006795,0,11.5625
CIDP,S11,BNB_EC,GNG7,CIDP,296,0.2956985673179576,0,18.24324324324324
CIDP,S11,B_cell,GNG7,CIDP,14,1.8005782115974882,1.8738324667372528,64.28571428571429
CIDP,S11,Endoneurial_stroma,GNG7,CIDP,1489,0.0077026383360182,0,0.4701141705842847
CIDP,S11,Epineurial_stroma,GNG7,CIDP,1143,0.0718259621922651,0,4.374453193350831
CIDP,S11,Granulocyte,GNG7,CIDP,19,0.2055549893630609,0,5.263157894736842
CIDP,S11,Macrophage,GNG7,CIDP,535,0.6500114517359469,0,25.79439252336449
CIDP,S11,Mast,GNG7,CIDP,44,0.0966857181109241,0,4.545454545454546
CIDP,S11,Myelinating_SC,GNG7,CIDP,212,0.069390527593387,0,4.245283018867925
CIDP,S11,Nonmyelinating_SC,GNG7,CIDP,2275,0.147053490928074,0,6.813186813186813
CIDP,S11,Other_EC,GNG7,CIDP,1498,0.1202807258880378,0,6.942590120160213
CIDP,S11,Pericyte_VSMC,GNG7,CIDP,2655,0.0458929778042364,0,2.975517890772128
CIDP,S11,Perineurium,GNG7,CIDP,1918,0.0252053889230395,0,2.137643378519291
CIDP,S11,Repair_damage_SC,GNG7,CIDP,216,0.2178686449373895,0,12.037037037037036
CIDP,S11,T_NK,GNG7,CIDP,114,0.1588373222966831,0,6.140350877192982
CIDP,S11,Adipo,SLC39A3,CIDP,320,0.0236759480703667,0,2.5
CIDP,S11,BNB_EC,SLC39A3,CIDP,296,0.0196461414599337,0,1.351351351351351
CIDP,S11,B_cell,SLC39A3,CIDP,14,0,0,0
CIDP,S11,Endoneurial_stroma,SLC39A3,CIDP,1489,0,0,0
CIDP,S11,Epineurial_stroma,SLC39A3,CIDP,1143,0.0144598925540176,0,1.1373578302712162
CIDP,S11,Granulocyte,SLC39A3,CIDP,19,0,0,0
CIDP,S11,Macrophage,SLC39A3,CIDP,535,0.0135686880467587,0,0.9345794392523364
CIDP,S11,Mast,SLC39A3,CIDP,44,0,0,0
CIDP,S11,Myelinating_SC,SLC39A3,CIDP,212,0.0268518390462161,0,1.4150943396226416
CIDP,S11,Nonmyelinating_SC,SLC39A3,CIDP,2275,0.0153570044366815,0,0.8791208791208791
CIDP,S11,Other_EC,SLC39A3,CIDP,1498,0.0366782049175028,0,2.2696929238985315
CIDP,S11,Pericyte_VSMC,SLC39A3,CIDP,2655,0.0187066269267867,0,1.431261770244821
CIDP,S11,Perineurium,SLC39A3,CIDP,1918,0.0027210549204617,0,0.2085505735140771
CIDP,S11,Repair_damage_SC,SLC39A3,CIDP,216,0,0,0
CIDP,S11,T_NK,SLC39A3,CIDP,114,0.0178557759919376,0,0.8771929824561403
CIDP,S11,Adipo,DGKQ,Inflammatory_polyneuropathy,320,0.0599860815725798,0,6.5625
CIDP,S11,BNB_EC,DGKQ,Inflammatory_polyneuropathy,296,0.0688572493430348,0,6.081081081081082
CIDP,S11,B_cell,DGKQ,Inflammatory_polyneuropathy,14,0,0,0
CIDP,S11,Endoneurial_stroma,DGKQ,Inflammatory_polyneuropathy,1489,0.0271902619273922,0,1.9476158495634652
CIDP,S11,Epineurial_stroma,DGKQ,Inflammatory_polyneuropathy,1143,0.033994713800966,0,1.9247594050743653
CIDP,S11,Granulocyte,DGKQ,Inflammatory_polyneuropathy,19,0.180104584225302,0,5.263157894736842
CIDP,S11,Macrophage,DGKQ,Inflammatory_polyneuropathy,535,0.08215059613076,0,4.672897196261682
CIDP,S11,Mast,DGKQ,Inflammatory_polyneuropathy,44,0.0989941878576134,0,4.545454545454546
CIDP,S11,Myelinating_SC,DGKQ,Inflammatory_polyneuropathy,212,0.0132731846969753,0,1.4150943396226416
CIDP,S11,Nonmyelinating_SC,DGKQ,Inflammatory_polyneuropathy,2275,0.0103346280001476,0,0.7032967032967032
CIDP,S11,Other_EC,DGKQ,Inflammatory_polyneuropathy,1498,0.0871829182071596,0,5.473965287049399
CIDP,S11,Pericyte_VSMC,DGKQ,Inflammatory_polyneuropathy,2655,0.0457337300135465,0,2.6741996233521657
CIDP,S11,Perineurium,DGKQ,Inflammatory_polyneuropathy,1918,0.0276792467368273,0,1.981230448383733
CIDP,S11,Repair_damage_SC,DGKQ,Inflammatory_polyneuropathy,216,0.0166253903172051,0,1.3888888888888888
CIDP,S11,T_NK,DGKQ,Inflammatory_polyneuropathy,114,0.1227945443705979,0,6.140350877192982
CIDP,S11,Adipo,GLDC,Inflammatory_polyneuropathy,320,0.0391359450213232,0,2.5
CIDP,S11,BNB_EC,GLDC,Inflammatory_polyneuropathy,296,0.0054018470613407,0,0.3378378378378378
CIDP,S11,B_cell,GLDC,Inflammatory_polyneuropathy,14,0.2575666163031724,0,14.285714285714285
CIDP,S11,Endoneurial_stroma,GLDC,Inflammatory_polyneuropathy,1489,0.017268155501653,0,1.0073875083948958
CIDP,S11,Epineurial_stroma,GLDC,Inflammatory_polyneuropathy,1143,0.0294920709084536,0,1.7497812773403325
CIDP,S11,Granulocyte,GLDC,Inflammatory_polyneuropathy,19,0,0,0
CIDP,S11,Macrophage,GLDC,Inflammatory_polyneuropathy,535,0.0251561615426847,0,0.9345794392523364
CIDP,S11,Mast,GLDC,Inflammatory_polyneuropathy,44,0,0,0
CIDP,S11,Myelinating_SC,GLDC,Inflammatory_polyneuropathy,212,2.4021127341249944,2.7891434442018808,76.41509433962264
CIDP,S11,Nonmyelinating_SC,GLDC,Inflammatory_polyneuropathy,2275,0.0527313426503734,0,2.241758241758242
CIDP,S11,Other_EC,GLDC,Inflammatory_polyneuropathy,1498,0.0053869572624142,0,0.3337783711615487
CIDP,S11,Pericyte_VSMC,GLDC,Inflammatory_polyneuropathy,2655,0,0,0
CIDP,S11,Perineurium,GLDC,Inflammatory_polyneuropathy,1918,0,0,0
CIDP,S11,Repair_damage_SC,GLDC,Inflammatory_polyneuropathy,216,0.1662208579243342,0,8.796296296296296
CIDP,S11,T_NK,GLDC,Inflammatory_polyneuropathy,114,0.0322888408117508,0,1.7543859649122806
CIDP,S11,Adipo,IDUA,Inflammatory_polyneuropathy,320,0.1102994626167413,0,10
CIDP,S11,BNB_EC,IDUA,Inflammatory_polyneuropathy,296,0.0470386796437955,0,3.716216216216216
CIDP,S11,B_cell,IDUA,Inflammatory_polyneuropathy,14,0,0,0
CIDP,S11,Endoneurial_stroma,IDUA,Inflammatory_polyneuropathy,1489,0.0513333370243559,0,3.089321692411014
CIDP,S11,Epineurial_stroma,IDUA,Inflammatory_polyneuropathy,1143,0.0496962749924299,0,3.149606299212598
CIDP,S11,Granulocyte,IDUA,Inflammatory_polyneuropathy,19,0,0,0
CIDP,S11,Macrophage,IDUA,Inflammatory_polyneuropathy,535,0.1006357458894258,0,5.420560747663552
CIDP,S11,Mast,IDUA,Inflammatory_polyneuropathy,44,0.0341810088408301,0,2.272727272727273
CIDP,S11,Myelinating_SC,IDUA,Inflammatory_polyneuropathy,212,0.064795615172424,0,4.245283018867925
CIDP,S11,Nonmyelinating_SC,IDUA,Inflammatory_polyneuropathy,2275,0.033079708238006,0,2.0219780219780223
CIDP,S11,Other_EC,IDUA,Inflammatory_polyneuropathy,1498,0.0469521706789068,0,3.2710280373831773
CIDP,S11,Pericyte_VSMC,IDUA,Inflammatory_polyneuropathy,2655,0.0193041542674187,0,1.3182674199623352
CIDP,S11,Perineurium,IDUA,Inflammatory_polyneuropathy,1918,0.0207001037739344,0,1.7205422314911365
CIDP,S11,Repair_damage_SC,IDUA,Inflammatory_polyneuropathy,216,0.0269641461339198,0,2.314814814814815
CIDP,S11,T_NK,IDUA,Inflammatory_polyneuropathy,114,0.0293166226959017,0,0.8771929824561403
CIDP,S11,Adipo,SLAMF9,Inflammatory_polyneuropathy,320,0,0,0
CIDP,S11,BNB_EC,SLAMF9,Inflammatory_polyneuropathy,296,0,0,0
CIDP,S11,B_cell,SLAMF9,Inflammatory_polyneuropathy,14,0,0,0
CIDP,S11,Endoneurial_stroma,SLAMF9,Inflammatory_polyneuropathy,1489,0,0,0
CIDP,S11,Epineurial_stroma,SLAMF9,Inflammatory_polyneuropathy,1143,0.0006054949202492,0,0.0874890638670166
CIDP,S11,Granulocyte,SLAMF9,Inflammatory_polyneuropathy,19,0,0,0
CIDP,S11,Macrophage,SLAMF9,Inflammatory_polyneuropathy,535,0,0,0
CIDP,S11,Mast,SLAMF9,Inflammatory_polyneuropathy,44,0,0,0
CIDP,S11,Myelinating_SC,SLAMF9,Inflammatory_polyneuropathy,212,0,0,0
CIDP,S11,Nonmyelinating_SC,SLAMF9,Inflammatory_polyneuropathy,2275,0.001322804628464,0,0.0439560439560439
CIDP,S11,Other_EC,SLAMF9,Inflammatory_polyneuropathy,1498,0,0,0
CIDP,S11,Pericyte_VSMC,SLAMF9,Inflammatory_polyneuropathy,2655,0,0,0
CIDP,S11,Perineurium,SLAMF9,Inflammatory_polyneuropathy,1918,0,0,0
CIDP,S11,Repair_damage_SC,SLAMF9,Inflammatory_polyneuropathy,216,0,0,0
CIDP,S11,T_NK,SLAMF9,Inflammatory_polyneuropathy,114,0,0,0
CIDP,S11,Adipo,TMEM175,Inflammatory_polyneuropathy,320,0.2040514159126968,0,20.625
CIDP,S11,BNB_EC,TMEM175,Inflammatory_polyneuropathy,296,0.1277241432518298,0,9.797297297297296
CIDP,S11,B_cell,TMEM175,Inflammatory_polyneuropathy,14,0,0,0
CIDP,S11,Endoneurial_stroma,TMEM175,Inflammatory_polyneuropathy,1489,0.1402892358198519,0,8.260577568838148
CIDP,S11,Epineurial_stroma,TMEM175,Inflammatory_polyneuropathy,1143,0.1544377299705674,0,9.79877515310586
CIDP,S11,Granulocyte,TMEM175,Inflammatory_polyneuropathy,19,0,0,0
CIDP,S11,Macrophage,TMEM175,Inflammatory_polyneuropathy,535,0.1246451338097657,0,7.289719626168225
CIDP,S11,Mast,TMEM175,Inflammatory_polyneuropathy,44,0.0743936276953338,0,4.545454545454546
CIDP,S11,Myelinating_SC,TMEM175,Inflammatory_polyneuropathy,212,0.1568440308403069,0,10.37735849056604
CIDP,S11,Nonmyelinating_SC,TMEM175,Inflammatory_polyneuropathy,2275,0.101708468629254,0,5.846153846153846
CIDP,S11,Other_EC,TMEM175,Inflammatory_polyneuropathy,1498,0.1434818201523686,0,9.345794392523365
CIDP,S11,Pericyte_VSMC,TMEM175,Inflammatory_polyneuropathy,2655,0.1462533511564701,0,8.775894538606403
CIDP,S11,Perineurium,TMEM175,Inflammatory_polyneuropathy,1918,0.1390323947860879,0,8.394160583941606
CIDP,S11,Repair_damage_SC,TMEM175,Inflammatory_polyneuropathy,216,0.0630821331422597,0,3.7037037037037033
CIDP,S11,T_NK,TMEM175,Inflammatory_polyneuropathy,114,0.1515059872462868,0,7.894736842105263
CIDP,S11,Adipo,DCTN1,Inflammatory_polyneuropathy,320,0.1438216815588474,0,16.875
CIDP,S11,BNB_EC,DCTN1,Inflammatory_polyneuropathy,296,0.2036240116168479,0,15.54054054054054
CIDP,S11,B_cell,DCTN1,Inflammatory_polyneuropathy,14,0.2413650838407285,0,14.285714285714285
CIDP,S11,Endoneurial_stroma,DCTN1,Inflammatory_polyneuropathy,1489,0.1350588097274241,0,8.394895903290799
CIDP,S11,Epineurial_stroma,DCTN1,Inflammatory_polyneuropathy,1143,0.1704487734999119,0,11.986001749781275
CIDP,S11,Granulocyte,DCTN1,Inflammatory_polyneuropathy,19,0,0,0
CIDP,S11,Macrophage,DCTN1,Inflammatory_polyneuropathy,535,0.098587756858783,0,6.5420560747663545
CIDP,S11,Mast,DCTN1,Inflammatory_polyneuropathy,44,0.0982370496233988,0,6.8181818181818175
CIDP,S11,Myelinating_SC,DCTN1,Inflammatory_polyneuropathy,212,0.1632613671946313,0,10.849056603773583
CIDP,S11,Nonmyelinating_SC,DCTN1,Inflammatory_polyneuropathy,2275,0.1283263436030887,0,7.736263736263736
CIDP,S11,Other_EC,DCTN1,Inflammatory_polyneuropathy,1498,0.1293673666711324,0,9.012016021361816
CIDP,S11,Pericyte_VSMC,DCTN1,Inflammatory_polyneuropathy,2655,0.2151890607541972,0,13.370998116760829
CIDP,S11,Perineurium,DCTN1,Inflammatory_polyneuropathy,1918,0.1589155102363871,0,10.636079249217936
CIDP,S11,Repair_damage_SC,DCTN1,Inflammatory_polyneuropathy,216,0.20557457945229,0,12.037037037037036
CIDP,S11,T_NK,DCTN1,Inflammatory_polyneuropathy,114,0.0728853765575347,0,5.263157894736842
CIDP,S11,Adipo,ME1,Inflammatory_polyneuropathy,320,1.973132746980188,2.1032241286857296,83.4375
CIDP,S11,BNB_EC,ME1,Inflammatory_polyneuropathy,296,0.0029483918664098,0,0.3378378378378378
CIDP,S11,B_cell,ME1,Inflammatory_polyneuropathy,14,0.2030388821799931,0,7.142857142857142
CIDP,S11,Endoneurial_stroma,ME1,Inflammatory_polyneuropathy,1489,0.7916104765415988,0,33.781061114842174
CIDP,S11,Epineurial_stroma,ME1,Inflammatory_polyneuropathy,1143,0.7100073820445042,0,32.72090988626422
CIDP,S11,Granulocyte,ME1,Inflammatory_polyneuropathy,19,0,0,0
CIDP,S11,Macrophage,ME1,Inflammatory_polyneuropathy,535,1.4097663866847567,0,44.11214953271028
CIDP,S11,Mast,ME1,Inflammatory_polyneuropathy,44,0.134549793072804,0,4.545454545454546
CIDP,S11,Myelinating_SC,ME1,Inflammatory_polyneuropathy,212,0.4340321764172765,0,19.33962264150944
CIDP,S11,Nonmyelinating_SC,ME1,Inflammatory_polyneuropathy,2275,0.0409241720786115,0,2.0219780219780223
CIDP,S11,Other_EC,ME1,Inflammatory_polyneuropathy,1498,0.0139686914808694,0,1.0013351134846462
CIDP,S11,Pericyte_VSMC,ME1,Inflammatory_polyneuropathy,2655,0.1756119267110861,0,9.566854990583805
CIDP,S11,Perineurium,ME1,Inflammatory_polyneuropathy,1918,0.4746655150398589,0,23.67049009384776
CIDP,S11,Repair_damage_SC,ME1,Inflammatory_polyneuropathy,216,0.1902284243493067,0,10.648148148148149
CIDP,S11,T_NK,ME1,Inflammatory_polyneuropathy,114,0.2442023336429125,0,8.771929824561402
CIDP,S13,Adipo,CDH4,CIDP,238,0.0961110927525129,0,7.563025210084033
CIDP,S13,BNB_EC,CDH4,CIDP,431,0,0,0
CIDP,S13,B_cell,CDH4,CIDP,54,0.1177575830062694,0,5.555555555555555
CIDP,S13,Endoneurial_stroma,CDH4,CIDP,1041,0.1017338180524821,0,4.99519692603266
CIDP,S13,Epineurial_stroma,CDH4,CIDP,1305,0.2404436926740628,0,10.49808429118774
CIDP,S13,Granulocyte,CDH4,CIDP,8,0,0,0
CIDP,S13,Macrophage,CDH4,CIDP,392,0.0869880347667246,0,4.081632653061225
CIDP,S13,Mast,CDH4,CIDP,48,0,0,0
CIDP,S13,Myelinating_SC,CDH4,CIDP,466,0.2251468792238458,0,8.798283261802576
CIDP,S13,Nonmyelinating_SC,CDH4,CIDP,2709,0.3458356964636588,0,12.366186784791436
CIDP,S13,Other_EC,CDH4,CIDP,1348,0.0028263827858427,0,0.2225519287833827
CIDP,S13,Pericyte_VSMC,CDH4,CIDP,1669,0.0032041873084385,0,0.1797483523067705
CIDP,S13,Perineurium,CDH4,CIDP,3810,0.0445667964246264,0,2.5196850393700787
CIDP,S13,Repair_damage_SC,CDH4,CIDP,185,0.4063038395978181,0,16.756756756756758
CIDP,S13,T_NK,CDH4,CIDP,91,0.084677092426946,0,4.395604395604396
CIDP,S13,Adipo,DIRAS1,CIDP,238,0,0,0
CIDP,S13,BNB_EC,DIRAS1,CIDP,431,0,0,0
CIDP,S13,B_cell,DIRAS1,CIDP,54,0,0,0
CIDP,S13,Endoneurial_stroma,DIRAS1,CIDP,1041,0,0,0
CIDP,S13,Epineurial_stroma,DIRAS1,CIDP,1305,0,0,0
CIDP,S13,Granulocyte,DIRAS1,CIDP,8,0,0,0
CIDP,S13,Macrophage,DIRAS1,CIDP,392,0.0044912773582618,0,0.2551020408163265
CIDP,S13,Mast,DIRAS1,CIDP,48,0,0,0
CIDP,S13,Myelinating_SC,DIRAS1,CIDP,466,0,0,0
CIDP,S13,Nonmyelinating_SC,DIRAS1,CIDP,2709,0,0,0
CIDP,S13,Other_EC,DIRAS1,CIDP,1348,0,0,0
CIDP,S13,Pericyte_VSMC,DIRAS1,CIDP,1669,0,0,0
CIDP,S13,Perineurium,DIRAS1,CIDP,3810,0,0,0
CIDP,S13,Repair_damage_SC,DIRAS1,CIDP,185,0.0194382593461829,0,1.0810810810810811
CIDP,S13,T_NK,DIRAS1,CIDP,91,0,0,0
CIDP,S13,Adipo,GNG7,CIDP,238,0.139379997416474,0,11.76470588235294
CIDP,S13,BNB_EC,GNG7,CIDP,431,0.3380096924003223,0,16.937354988399072
CIDP,S13,B_cell,GNG7,CIDP,54,1.2526660072793572,0,44.44444444444444
CIDP,S13,Endoneurial_stroma,GNG7,CIDP,1041,0.0290115266683782,0,1.8251681075888568
CIDP,S13,Epineurial_stroma,GNG7,CIDP,1305,0.0672269577569875,0,3.524904214559387
CIDP,S13,Granulocyte,GNG7,CIDP,8,0.9768889985827952,0,25
CIDP,S13,Macrophage,GNG7,CIDP,392,0.7618428721487953,0,30.35714285714285
CIDP,S13,Mast,GNG7,CIDP,48,0.3956321588378606,0,16.666666666666664
CIDP,S13,Myelinating_SC,GNG7,CIDP,466,0.102591740503516,0,4.721030042918455
CIDP,S13,Nonmyelinating_SC,GNG7,CIDP,2709,0.1845563906937325,0,7.235142118863049
CIDP,S13,Other_EC,GNG7,CIDP,1348,0.1826764841359734,0,8.382789317507418
CIDP,S13,Pericyte_VSMC,GNG7,CIDP,1669,0.0810435975800941,0,4.014379868184541
CIDP,S13,Perineurium,GNG7,CIDP,3810,0.1057937420429174,0,5.485564304461942
CIDP,S13,Repair_damage_SC,GNG7,CIDP,185,0.3438597534047869,0,15.675675675675675
CIDP,S13,T_NK,GNG7,CIDP,91,0.1373615492443236,0,6.593406593406594
CIDP,S13,Adipo,SLC39A3,CIDP,238,0.0255565325747607,0,2.5210084033613445
CIDP,S13,BNB_EC,SLC39A3,CIDP,431,0.0090925848712347,0,0.4640371229698375
CIDP,S13,B_cell,SLC39A3,CIDP,54,0,0,0
CIDP,S13,Endoneurial_stroma,SLC39A3,CIDP,1041,0,0,0
CIDP,S13,Epineurial_stroma,SLC39A3,CIDP,1305,0.0177909043102243,0,0.8429118773946359
CIDP,S13,Granulocyte,SLC39A3,CIDP,8,0,0,0
CIDP,S13,Macrophage,SLC39A3,CIDP,392,0.0130126616701189,0,0.7653061224489796
CIDP,S13,Mast,SLC39A3,CIDP,48,0,0,0
CIDP,S13,Myelinating_SC,SLC39A3,CIDP,466,0.0269498263129731,0,1.2875536480686696
CIDP,S13,Nonmyelinating_SC,SLC39A3,CIDP,2709,0.0099929953967252,0,0.4060538944259874
CIDP,S13,Other_EC,SLC39A3,CIDP,1348,0.0148119494599134,0,0.8160237388724036
CIDP,S13,Pericyte_VSMC,SLC39A3,CIDP,1669,0.0222466715166541,0,1.018573996405033
CIDP,S13,Perineurium,SLC39A3,CIDP,3810,0.0081081353589128,0,0.4724409448818897
CIDP,S13,Repair_damage_SC,SLC39A3,CIDP,185,0.0174503896960899,0,1.0810810810810811
CIDP,S13,T_NK,SLC39A3,CIDP,91,0.0425184564757429,0,2.197802197802198
CIDP,S13,Adipo,DGKQ,Inflammatory_polyneuropathy,238,0.0339877278457215,0,3.7815126050420167
CIDP,S13,BNB_EC,DGKQ,Inflammatory_polyneuropathy,431,0.0261251750529181,0,1.6241299303944314
CIDP,S13,B_cell,DGKQ,Inflammatory_polyneuropathy,54,0.0403162608237559,0,1.851851851851852
CIDP,S13,Endoneurial_stroma,DGKQ,Inflammatory_polyneuropathy,1041,0.0329162839571268,0,1.921229586935639
CIDP,S13,Epineurial_stroma,DGKQ,Inflammatory_polyneuropathy,1305,0.0271202001142435,0,1.3026819923371646
CIDP,S13,Granulocyte,DGKQ,Inflammatory_polyneuropathy,8,0,0,0
CIDP,S13,Macrophage,DGKQ,Inflammatory_polyneuropathy,392,0.0626293640192335,0,2.295918367346939
CIDP,S13,Mast,DGKQ,Inflammatory_polyneuropathy,48,0.0351126539193693,0,2.083333333333333
CIDP,S13,Myelinating_SC,DGKQ,Inflammatory_polyneuropathy,466,0.0296466954551041,0,1.7167381974248928
CIDP,S13,Nonmyelinating_SC,DGKQ,Inflammatory_polyneuropathy,2709,0.008623608244012,0,0.4060538944259874
CIDP,S13,Other_EC,DGKQ,Inflammatory_polyneuropathy,1348,0.0440382603808333,0,2.1513353115727005
CIDP,S13,Pericyte_VSMC,DGKQ,Inflammatory_polyneuropathy,1669,0.018643850602644,0,0.9586578789694428
CIDP,S13,Perineurium,DGKQ,Inflammatory_polyneuropathy,3810,0.0158371880068023,0,0.8923884514435696
CIDP,S13,Repair_damage_SC,DGKQ,Inflammatory_polyneuropathy,185,0.0588970979923393,0,2.1621621621621623
CIDP,S13,T_NK,DGKQ,Inflammatory_polyneuropathy,91,0.0364101648931979,0,1.098901098901099
CIDP,S13,Adipo,GLDC,Inflammatory_polyneuropathy,238,0.0421880851485437,0,3.7815126050420167
CIDP,S13,BNB_EC,GLDC,Inflammatory_polyneuropathy,431,0.0310896084923492,0,1.3921113689095126
CIDP,S13,B_cell,GLDC,Inflammatory_polyneuropathy,54,0.1376875929850644,0,5.555555555555555
CIDP,S13,Endoneurial_stroma,GLDC,Inflammatory_polyneuropathy,1041,0,0,0
CIDP,S13,Epineurial_stroma,GLDC,Inflammatory_polyneuropathy,1305,0.0523711621339727,0,2.2222222222222223
CIDP,S13,Granulocyte,GLDC,Inflammatory_polyneuropathy,8,0,0,0
CIDP,S13,Macrophage,GLDC,Inflammatory_polyneuropathy,392,0.0373246536136699,0,1.020408163265306
CIDP,S13,Mast,GLDC,Inflammatory_polyneuropathy,48,0.0421486718246532,0,2.083333333333333
CIDP,S13,Myelinating_SC,GLDC,Inflammatory_polyneuropathy,466,1.2728141208986168,0,45.49356223175965
CIDP,S13,Nonmyelinating_SC,GLDC,Inflammatory_polyneuropathy,2709,0.051497821401417,0,1.9195275009228496
CIDP,S13,Other_EC,GLDC,Inflammatory_polyneuropathy,1348,0.074453663864598,0,3.4124629080118694
CIDP,S13,Pericyte_VSMC,GLDC,Inflammatory_polyneuropathy,1669,0.0022410807609597,0,0.1198322348711803
CIDP,S13,Perineurium,GLDC,Inflammatory_polyneuropathy,3810,0.0050189182127912,0,0.2887139107611548
CIDP,S13,Repair_damage_SC,GLDC,Inflammatory_polyneuropathy,185,0.1450442402463178,0,6.486486486486487
CIDP,S13,T_NK,GLDC,Inflammatory_polyneuropathy,91,0.0527086193039927,0,2.197802197802198
CIDP,S13,Adipo,IDUA,Inflammatory_polyneuropathy,238,0.1300647969095473,0,9.663865546218489
CIDP,S13,BNB_EC,IDUA,Inflammatory_polyneuropathy,431,0.0600337362770543,0,3.480278422273782
CIDP,S13,B_cell,IDUA,Inflammatory_polyneuropathy,54,0.0526019657186128,0,3.7037037037037033
CIDP,S13,Endoneurial_stroma,IDUA,Inflammatory_polyneuropathy,1041,0.0950452852825921,0,4.514889529298751
CIDP,S13,Epineurial_stroma,IDUA,Inflammatory_polyneuropathy,1305,0.0494372656704919,0,2.681992337164751
CIDP,S13,Granulocyte,IDUA,Inflammatory_polyneuropathy,8,0,0,0
CIDP,S13,Macrophage,IDUA,Inflammatory_polyneuropathy,392,0.0520459141827513,0,2.5510204081632653
CIDP,S13,Mast,IDUA,Inflammatory_polyneuropathy,48,0,0,0
CIDP,S13,Myelinating_SC,IDUA,Inflammatory_polyneuropathy,466,0.058940401294023,0,3.433476394849785
CIDP,S13,Nonmyelinating_SC,IDUA,Inflammatory_polyneuropathy,2709,0.0403899907048465,0,1.7349575489110374
CIDP,S13,Other_EC,IDUA,Inflammatory_polyneuropathy,1348,0.0361993568115377,0,1.9287833827893173
CIDP,S13,Pericyte_VSMC,IDUA,Inflammatory_polyneuropathy,1669,0.0148774134098908,0,0.7789095266626722
CIDP,S13,Perineurium,IDUA,Inflammatory_polyneuropathy,3810,0.0213266847121664,0,1.2598425196850394
CIDP,S13,Repair_damage_SC,IDUA,Inflammatory_polyneuropathy,185,0.0399284497716669,0,2.1621621621621623
CIDP,S13,T_NK,IDUA,Inflammatory_polyneuropathy,91,0.0227399420462237,0,1.098901098901099
CIDP,S13,Adipo,SLAMF9,Inflammatory_polyneuropathy,238,0,0,0
CIDP,S13,BNB_EC,SLAMF9,Inflammatory_polyneuropathy,431,0,0,0
CIDP,S13,B_cell,SLAMF9,Inflammatory_polyneuropathy,54,0,0,0
CIDP,S13,Endoneurial_stroma,SLAMF9,Inflammatory_polyneuropathy,1041,0,0,0
CIDP,S13,Epineurial_stroma,SLAMF9,Inflammatory_polyneuropathy,1305,0.0010449263894083,0,0.0766283524904214
CIDP,S13,Granulocyte,SLAMF9,Inflammatory_polyneuropathy,8,0,0,0
CIDP,S13,Macrophage,SLAMF9,Inflammatory_polyneuropathy,392,0,0,0
CIDP,S13,Mast,SLAMF9,Inflammatory_polyneuropathy,48,0,0,0
CIDP,S13,Myelinating_SC,SLAMF9,Inflammatory_polyneuropathy,466,0,0,0
CIDP,S13,Nonmyelinating_SC,SLAMF9,Inflammatory_polyneuropathy,2709,0.0008213374765173,0,0.0369139904023624
CIDP,S13,Other_EC,SLAMF9,Inflammatory_polyneuropathy,1348,0,0,0
CIDP,S13,Pericyte_VSMC,SLAMF9,Inflammatory_polyneuropathy,1669,0,0,0
CIDP,S13,Perineurium,SLAMF9,Inflammatory_polyneuropathy,3810,0,0,0
CIDP,S13,Repair_damage_SC,SLAMF9,Inflammatory_polyneuropathy,185,0,0,0
CIDP,S13,T_NK,SLAMF9,Inflammatory_polyneuropathy,91,0,0,0
CIDP,S13,Adipo,TMEM175,Inflammatory_polyneuropathy,238,0.1477071602583533,0,11.76470588235294
CIDP,S13,BNB_EC,TMEM175,Inflammatory_polyneuropathy,431,0.1068299090983186,0,6.496519721577726
CIDP,S13,B_cell,TMEM175,Inflammatory_polyneuropathy,54,0.1547989107975101,0,7.4074074074074066
CIDP,S13,Endoneurial_stroma,TMEM175,Inflammatory_polyneuropathy,1041,0.1874618413255025,0,9.221902017291066
CIDP,S13,Epineurial_stroma,TMEM175,Inflammatory_polyneuropathy,1305,0.1589085381365849,0,7.586206896551724
CIDP,S13,Granulocyte,TMEM175,Inflammatory_polyneuropathy,8,0,0,0
CIDP,S13,Macrophage,TMEM175,Inflammatory_polyneuropathy,392,0.168490531298084,0,8.418367346938775
CIDP,S13,Mast,TMEM175,Inflammatory_polyneuropathy,48,0.1086151133637167,0,6.25
CIDP,S13,Myelinating_SC,TMEM175,Inflammatory_polyneuropathy,466,0.1447728731986314,0,6.866952789699571
CIDP,S13,Nonmyelinating_SC,TMEM175,Inflammatory_polyneuropathy,2709,0.1082459602714265,0,4.798818752307124
CIDP,S13,Other_EC,TMEM175,Inflammatory_polyneuropathy,1348,0.160738791104831,0,8.160237388724036
CIDP,S13,Pericyte_VSMC,TMEM175,Inflammatory_polyneuropathy,1669,0.0942120609476203,0,4.553624925104853
CIDP,S13,Perineurium,TMEM175,Inflammatory_polyneuropathy,3810,0.124261062923525,0,6.797900262467192
CIDP,S13,Repair_damage_SC,TMEM175,Inflammatory_polyneuropathy,185,0.0953307859833615,0,5.405405405405405
CIDP,S13,T_NK,TMEM175,Inflammatory_polyneuropathy,91,0.1843566534236327,0,7.6923076923076925
CIDP,S13,Adipo,DCTN1,Inflammatory_polyneuropathy,238,0.1575493541272493,0,11.76470588235294
CIDP,S13,BNB_EC,DCTN1,Inflammatory_polyneuropathy,431,0.1061156548106828,0,6.496519721577726
CIDP,S13,B_cell,DCTN1,Inflammatory_polyneuropathy,54,0.1202111278733625,0,5.555555555555555
CIDP,S13,Endoneurial_stroma,DCTN1,Inflammatory_polyneuropathy,1041,0.136459325049438,0,7.204610951008646
CIDP,S13,Epineurial_stroma,DCTN1,Inflammatory_polyneuropathy,1305,0.1747016658165963,0,8.96551724137931
CIDP,S13,Granulocyte,DCTN1,Inflammatory_polyneuropathy,8,0,0,0
CIDP,S13,Macrophage,DCTN1,Inflammatory_polyneuropathy,392,0.0732008193515733,0,4.081632653061225
CIDP,S13,Mast,DCTN1,Inflammatory_polyneuropathy,48,0.1472155736967857,0,6.25
CIDP,S13,Myelinating_SC,DCTN1,Inflammatory_polyneuropathy,466,0.0946649254307047,0,5.36480686695279
CIDP,S13,Nonmyelinating_SC,DCTN1,Inflammatory_polyneuropathy,2709,0.1127605360482708,0,5.241786637135474
CIDP,S13,Other_EC,DCTN1,Inflammatory_polyneuropathy,1348,0.1181241093114359,0,6.602373887240357
CIDP,S13,Pericyte_VSMC,DCTN1,Inflammatory_polyneuropathy,1669,0.1675179244536668,0,8.388256440982625
CIDP,S13,Perineurium,DCTN1,Inflammatory_polyneuropathy,3810,0.1449028445895963,0,7.952755905511812
CIDP,S13,Repair_damage_SC,DCTN1,Inflammatory_polyneuropathy,185,0.1237005885129213,0,6.486486486486487
CIDP,S13,T_NK,DCTN1,Inflammatory_polyneuropathy,91,0.1159880053177139,0,5.494505494505495
CIDP,S13,Adipo,ME1,Inflammatory_polyneuropathy,238,1.905503485064051,2.01226155075352,72.26890756302521
CIDP,S13,BNB_EC,ME1,Inflammatory_polyneuropathy,431,0.0466516566514403,0,2.320185614849188
CIDP,S13,B_cell,ME1,Inflammatory_polyneuropathy,54,0.2705878441613109,0,11.11111111111111
CIDP,S13,Endoneurial_stroma,ME1,Inflammatory_polyneuropathy,1041,0.5944606754720477,0,25.456292026897216
CIDP,S13,Epineurial_stroma,ME1,Inflammatory_polyneuropathy,1305,0.4619085516657208,0,20.306513409961685
CIDP,S13,Granulocyte,ME1,Inflammatory_polyneuropathy,8,0,0,0
CIDP,S13,Macrophage,ME1,Inflammatory_polyneuropathy,392,0.7034525939945788,0,25.765306122448976
CIDP,S13,Mast,ME1,Inflammatory_polyneuropathy,48,0.1026586877817426,0,4.166666666666666
CIDP,S13,Myelinating_SC,ME1,Inflammatory_polyneuropathy,466,0.2884999694000166,0,12.875536480686694
CIDP,S13,Nonmyelinating_SC,ME1,Inflammatory_polyneuropathy,2709,0.0955766535030696,0,4.1343669250646
CIDP,S13,Other_EC,ME1,Inflammatory_polyneuropathy,1348,0.0547313830215059,0,2.967359050445104
CIDP,S13,Pericyte_VSMC,ME1,Inflammatory_polyneuropathy,1669,0.2523392410958396,0,11.384062312762133
CIDP,S13,Perineurium,ME1,Inflammatory_polyneuropathy,3810,0.5230168082661563,0,23.46456692913386
CIDP,S13,Repair_damage_SC,ME1,Inflammatory_polyneuropathy,185,0.2597875324533849,0,12.432432432432432
CIDP,S13,T_NK,ME1,Inflammatory_polyneuropathy,91,0.343338902299195,0,13.186813186813188
CIAP,S14,Adipo,CDH4,CIDP,233,0.0082719368047997,0,1.2875536480686696
CIAP,S14,BNB_EC,CDH4,CIDP,324,0,0,0
CIAP,S14,B_cell,CDH4,CIDP,1,0,0,0
CIAP,S14,Endoneurial_stroma,CDH4,CIDP,912,0.0545140645075616,0,3.070175438596491
CIAP,S14,Epineurial_stroma,CDH4,CIDP,1420,0.2859219194999655,0,13.661971830985916
CIAP,S14,Granulocyte,CDH4,CIDP,2,0,0,0
CIAP,S14,Macrophage,CDH4,CIDP,266,0.0474712681786526,0,2.631578947368421
CIAP,S14,Mast,CDH4,CIDP,30,0.0619649307557074,0,3.333333333333333
CIAP,S14,Myelinating_SC,CDH4,CIDP,148,0.1538232452000007,0,8.783783783783784
CIAP,S14,Nonmyelinating_SC,CDH4,CIDP,1043,0.2058370691026923,0,9.300095877277084
CIAP,S14,Other_EC,CDH4,CIDP,1342,0.0028117540121114,0,0.2235469448584202
CIAP,S14,Pericyte_VSMC,CDH4,CIDP,3316,0.0004182445015187,0,0.060313630880579
CIAP,S14,Perineurium,CDH4,CIDP,3191,0.0822377653720837,0,4.700720777185835
CIAP,S14,Repair_damage_SC,CDH4,CIDP,139,0.3595998530151376,0,15.827338129496402
CIAP,S14,T_NK,CDH4,CIDP,50,0.091878162095149,0,6
CIAP,S14,Adipo,DIRAS1,CIDP,233,0,0,0
CIAP,S14,BNB_EC,DIRAS1,CIDP,324,0,0,0
CIAP,S14,B_cell,DIRAS1,CIDP,1,0,0,0
CIAP,S14,Endoneurial_stroma,DIRAS1,CIDP,912,0,0,0
CIAP,S14,Epineurial_stroma,DIRAS1,CIDP,1420,0,0,0
CIAP,S14,Granulocyte,DIRAS1,CIDP,2,0,0,0
CIAP,S14,Macrophage,DIRAS1,CIDP,266,0,0,0
CIAP,S14,Mast,DIRAS1,CIDP,30,0,0,0
CIAP,S14,Myelinating_SC,DIRAS1,CIDP,148,0,0,0
CIAP,S14,Nonmyelinating_SC,DIRAS1,CIDP,1043,0.0045915807031809,0,0.2876318312559923
CIAP,S14,Other_EC,DIRAS1,CIDP,1342,0,0,0
CIAP,S14,Pericyte_VSMC,DIRAS1,CIDP,3316,0.001918983070782,0,0.120627261761158
CIAP,S14,Perineurium,DIRAS1,CIDP,3191,0,0,0
CIAP,S14,Repair_damage_SC,DIRAS1,CIDP,139,0.0221684179791295,0,2.158273381294964
CIAP,S14,T_NK,DIRAS1,CIDP,50,0,0,0
CIAP,S14,Adipo,GNG7,CIDP,233,0.1621030218007588,0,15.021459227467812
CIAP,S14,BNB_EC,GNG7,CIDP,324,0.1961414186079113,0,10.802469135802468
CIAP,S14,B_cell,GNG7,CIDP,1,4.062719177678541,4.062719177678541,100
CIAP,S14,Endoneurial_stroma,GNG7,CIDP,912,0.0039272635136968,0,0.219298245614035
CIAP,S14,Epineurial_stroma,GNG7,CIDP,1420,0.0568355263734369,0,4.154929577464789
CIAP,S14,Granulocyte,GNG7,CIDP,2,0,0,0
CIAP,S14,Macrophage,GNG7,CIDP,266,0.54700844486521,0,22.932330827067663
CIAP,S14,Mast,GNG7,CIDP,30,0.2439151320714306,0,13.333333333333334
CIAP,S14,Myelinating_SC,GNG7,CIDP,148,0.0637571385505121,0,6.081081081081082
CIAP,S14,Nonmyelinating_SC,GNG7,CIDP,1043,0.1649072311308365,0,7.957813998082454
CIAP,S14,Other_EC,GNG7,CIDP,1342,0.1631580399256663,0,10.134128166915051
CIAP,S14,Pericyte_VSMC,GNG7,CIDP,3316,0.046822018603063,0,3.1363088057901085
CIAP,S14,Perineurium,GNG7,CIDP,3191,0.0976576626672485,0,6.236289564399875
CIAP,S14,Repair_damage_SC,GNG7,CIDP,139,0.2483657806207275,0,15.827338129496402
CIAP,S14,T_NK,GNG7,CIDP,50,0.0613716698613022,0,4
CIAP,S14,Adipo,SLC39A3,CIDP,233,0.0314204739565061,0,4.721030042918455
CIAP,S14,BNB_EC,SLC39A3,CIDP,324,0.0127186012351981,0,0.6172839506172839
CIAP,S14,B_cell,SLC39A3,CIDP,1,0,0,0
CIAP,S14,Endoneurial_stroma,SLC39A3,CIDP,912,0.0023192106895953,0,0.219298245614035
CIAP,S14,Epineurial_stroma,SLC39A3,CIDP,1420,0.0165997482547243,0,1.6901408450704225
CIAP,S14,Granulocyte,SLC39A3,CIDP,2,0,0,0
CIAP,S14,Macrophage,SLC39A3,CIDP,266,0.0130475097461479,0,1.1278195488721805
CIAP,S14,Mast,SLC39A3,CIDP,30,0.0665084052877325,0,3.333333333333333
CIAP,S14,Myelinating_SC,SLC39A3,CIDP,148,0,0,0
CIAP,S14,Nonmyelinating_SC,SLC39A3,CIDP,1043,0.0174487047785551,0,1.2464046021093005
CIAP,S14,Other_EC,SLC39A3,CIDP,1342,0.0214089743222526,0,1.3412816691505216
CIAP,S14,Pericyte_VSMC,SLC39A3,CIDP,3316,0.0107240092246927,0,0.8142340168878166
CIAP,S14,Perineurium,SLC39A3,CIDP,3191,0.0063527317045289,0,0.532748354747728
CIAP,S14,Repair_damage_SC,SLC39A3,CIDP,139,0,0,0
CIAP,S14,T_NK,SLC39A3,CIDP,50,0.0215718685516045,0,2
CIAP,S14,Adipo,DGKQ,Inflammatory_polyneuropathy,233,0.0274465131852993,0,3.862660944206009
CIAP,S14,BNB_EC,DGKQ,Inflammatory_polyneuropathy,324,0.0217785204002219,0,1.851851851851852
CIAP,S14,B_cell,DGKQ,Inflammatory_polyneuropathy,1,0,0,0
CIAP,S14,Endoneurial_stroma,DGKQ,Inflammatory_polyneuropathy,912,0.0548894456901689,0,2.5219298245614032
CIAP,S14,Epineurial_stroma,DGKQ,Inflammatory_polyneuropathy,1420,0.0382641796650634,0,2.9577464788732395
CIAP,S14,Granulocyte,DGKQ,Inflammatory_polyneuropathy,2,0,0,0
CIAP,S14,Macrophage,DGKQ,Inflammatory_polyneuropathy,266,0.0188345673868568,0,1.5037593984962403
CIAP,S14,Mast,DGKQ,Inflammatory_polyneuropathy,30,0.1173774903007675,0,3.333333333333333
CIAP,S14,Myelinating_SC,DGKQ,Inflammatory_polyneuropathy,148,0.0558274460350989,0,4.72972972972973
CIAP,S14,Nonmyelinating_SC,DGKQ,Inflammatory_polyneuropathy,1043,0.0159454321362698,0,1.1505273250239694
CIAP,S14,Other_EC,DGKQ,Inflammatory_polyneuropathy,1342,0.0462235634669362,0,3.5767511177347244
CIAP,S14,Pericyte_VSMC,DGKQ,Inflammatory_polyneuropathy,3316,0.0228211713028464,0,1.5681544028950545
CIAP,S14,Perineurium,DGKQ,Inflammatory_polyneuropathy,3191,0.0223551203435582,0,1.598245064243184
CIAP,S14,Repair_damage_SC,DGKQ,Inflammatory_polyneuropathy,139,0,0,0
CIAP,S14,T_NK,DGKQ,Inflammatory_polyneuropathy,50,0.1043694702323373,0,8
CIAP,S14,Adipo,GLDC,Inflammatory_polyneuropathy,233,0.0193948845651853,0,2.575107296137339
CIAP,S14,BNB_EC,GLDC,Inflammatory_polyneuropathy,324,0.0095517277142261,0,0.6172839506172839
CIAP,S14,B_cell,GLDC,Inflammatory_polyneuropathy,1,3.676175918431567,3.676175918431567,100
CIAP,S14,Endoneurial_stroma,GLDC,Inflammatory_polyneuropathy,912,0.0013357790952443,0,0.1096491228070175
CIAP,S14,Epineurial_stroma,GLDC,Inflammatory_polyneuropathy,1420,0.0049263470299768,0,0.4929577464788732
CIAP,S14,Granulocyte,GLDC,Inflammatory_polyneuropathy,2,0,0,0
CIAP,S14,Macrophage,GLDC,Inflammatory_polyneuropathy,266,0.0204172508668221,0,0.7518796992481203
CIAP,S14,Mast,GLDC,Inflammatory_polyneuropathy,30,0.0542650459079137,0,3.333333333333333
CIAP,S14,Myelinating_SC,GLDC,Inflammatory_polyneuropathy,148,1.8075912621800383,2.0378964467122547,68.24324324324324
CIAP,S14,Nonmyelinating_SC,GLDC,Inflammatory_polyneuropathy,1043,0.0222919354460913,0,1.2464046021093005
CIAP,S14,Other_EC,GLDC,Inflammatory_polyneuropathy,1342,0.0213855210853293,0,1.639344262295082
CIAP,S14,Pericyte_VSMC,GLDC,Inflammatory_polyneuropathy,3316,0.009176208340106,0,0.6031363088057901
CIAP,S14,Perineurium,GLDC,Inflammatory_polyneuropathy,3191,0.0039953431089701,0,0.3760576621748668
CIAP,S14,Repair_damage_SC,GLDC,Inflammatory_polyneuropathy,139,0.3669650227856238,0,25.179856115107917
CIAP,S14,T_NK,GLDC,Inflammatory_polyneuropathy,50,0,0,0
CIAP,S14,Adipo,IDUA,Inflammatory_polyneuropathy,233,0.0785972063062504,0,9.44206008583691
CIAP,S14,BNB_EC,IDUA,Inflammatory_polyneuropathy,324,0.0927009751030031,0,5.864197530864197
CIAP,S14,B_cell,IDUA,Inflammatory_polyneuropathy,1,0,0,0
CIAP,S14,Endoneurial_stroma,IDUA,Inflammatory_polyneuropathy,912,0.0818595357015962,0,4.166666666666666
CIAP,S14,Epineurial_stroma,IDUA,Inflammatory_polyneuropathy,1420,0.0557990739844084,0,4.577464788732395
CIAP,S14,Granulocyte,IDUA,Inflammatory_polyneuropathy,2,0,0,0
CIAP,S14,Macrophage,IDUA,Inflammatory_polyneuropathy,266,0.0653619876905626,0,3.7593984962406015
CIAP,S14,Mast,IDUA,Inflammatory_polyneuropathy,30,0,0,0
CIAP,S14,Myelinating_SC,IDUA,Inflammatory_polyneuropathy,148,0.1322230359714704,0,10.135135135135137
CIAP,S14,Nonmyelinating_SC,IDUA,Inflammatory_polyneuropathy,1043,0.0388513610459268,0,2.588686481303931
CIAP,S14,Other_EC,IDUA,Inflammatory_polyneuropathy,1342,0.0761550120312743,0,5.439642324888227
CIAP,S14,Pericyte_VSMC,IDUA,Inflammatory_polyneuropathy,3316,0.020889387501803,0,1.749095295536791
CIAP,S14,Perineurium,IDUA,Inflammatory_polyneuropathy,3191,0.0455142500881781,0,3.133813851457224
CIAP,S14,Repair_damage_SC,IDUA,Inflammatory_polyneuropathy,139,0.0654518165684888,0,5.035971223021583
CIAP,S14,T_NK,IDUA,Inflammatory_polyneuropathy,50,0.0443506172124948,0,2
CIAP,S14,Adipo,SLAMF9,Inflammatory_polyneuropathy,233,0,0,0
CIAP,S14,BNB_EC,SLAMF9,Inflammatory_polyneuropathy,324,0,0,0
CIAP,S14,B_cell,SLAMF9,Inflammatory_polyneuropathy,1,0,0,0
CIAP,S14,Endoneurial_stroma,SLAMF9,Inflammatory_polyneuropathy,912,0,0,0
CIAP,S14,Epineurial_stroma,SLAMF9,Inflammatory_polyneuropathy,1420,0,0,0
CIAP,S14,Granulocyte,SLAMF9,Inflammatory_polyneuropathy,2,0,0,0
CIAP,S14,Macrophage,SLAMF9,Inflammatory_polyneuropathy,266,0,0,0
CIAP,S14,Mast,SLAMF9,Inflammatory_polyneuropathy,30,0,0,0
CIAP,S14,Myelinating_SC,SLAMF9,Inflammatory_polyneuropathy,148,0,0,0
CIAP,S14,Nonmyelinating_SC,SLAMF9,Inflammatory_polyneuropathy,1043,0,0,0
CIAP,S14,Other_EC,SLAMF9,Inflammatory_polyneuropathy,1342,0,0,0
CIAP,S14,Pericyte_VSMC,SLAMF9,Inflammatory_polyneuropathy,3316,0,0,0
CIAP,S14,Perineurium,SLAMF9,Inflammatory_polyneuropathy,3191,0,0,0
CIAP,S14,Repair_damage_SC,SLAMF9,Inflammatory_polyneuropathy,139,0,0,0
CIAP,S14,T_NK,SLAMF9,Inflammatory_polyneuropathy,50,0,0,0
CIAP,S14,Adipo,TMEM175,Inflammatory_polyneuropathy,233,0.1948718770414166,0,23.17596566523605
CIAP,S14,BNB_EC,TMEM175,Inflammatory_polyneuropathy,324,0.1327068318257185,0,8.950617283950617
CIAP,S14,B_cell,TMEM175,Inflammatory_polyneuropathy,1,0,0,0
CIAP,S14,Endoneurial_stroma,TMEM175,Inflammatory_polyneuropathy,912,0.152250194872548,0,8.442982456140351
CIAP,S14,Epineurial_stroma,TMEM175,Inflammatory_polyneuropathy,1420,0.1546798915849701,0,11.549295774647888
CIAP,S14,Granulocyte,TMEM175,Inflammatory_polyneuropathy,2,0,0,0
CIAP,S14,Macrophage,TMEM175,Inflammatory_polyneuropathy,266,0.0826510104870373,0,6.390977443609022
CIAP,S14,Mast,TMEM175,Inflammatory_polyneuropathy,30,0.0297441494157951,0,3.333333333333333
CIAP,S14,Myelinating_SC,TMEM175,Inflammatory_polyneuropathy,148,0.203066141712289,0,15.54054054054054
CIAP,S14,Nonmyelinating_SC,TMEM175,Inflammatory_polyneuropathy,1043,0.1039824761716045,0,6.615532118887824
CIAP,S14,Other_EC,TMEM175,Inflammatory_polyneuropathy,1342,0.1227352427930629,0,8.271236959761548
CIAP,S14,Pericyte_VSMC,TMEM175,Inflammatory_polyneuropathy,3316,0.1572956432153973,0,9.559710494571773
CIAP,S14,Perineurium,TMEM175,Inflammatory_polyneuropathy,3191,0.116854418711492,0,7.740520213099342
CIAP,S14,Repair_damage_SC,TMEM175,Inflammatory_polyneuropathy,139,0.1264592217086634,0,11.510791366906476
CIAP,S14,T_NK,TMEM175,Inflammatory_polyneuropathy,50,0.1591216154417537,0,8
CIAP,S14,Adipo,DCTN1,Inflammatory_polyneuropathy,233,0.1445908841077252,0,15.879828326180256
CIAP,S14,BNB_EC,DCTN1,Inflammatory_polyneuropathy,324,0.1420079020963882,0,9.5679012345679
CIAP,S14,B_cell,DCTN1,Inflammatory_polyneuropathy,1,0,0,0
CIAP,S14,Endoneurial_stroma,DCTN1,Inflammatory_polyneuropathy,912,0.1057426321695936,0,6.907894736842106
CIAP,S14,Epineurial_stroma,DCTN1,Inflammatory_polyneuropathy,1420,0.1898295806077297,0,14.929577464788732
CIAP,S14,Granulocyte,DCTN1,Inflammatory_polyneuropathy,2,0,0,0
CIAP,S14,Macrophage,DCTN1,Inflammatory_polyneuropathy,266,0.0912239269382874,0,7.142857142857142
CIAP,S14,Mast,DCTN1,Inflammatory_polyneuropathy,30,0.1810853760086962,0,10
CIAP,S14,Myelinating_SC,DCTN1,Inflammatory_polyneuropathy,148,0.1330906526138126,0,12.162162162162163
CIAP,S14,Nonmyelinating_SC,DCTN1,Inflammatory_polyneuropathy,1043,0.1334162227625484,0,8.820709491850431
CIAP,S14,Other_EC,DCTN1,Inflammatory_polyneuropathy,1342,0.2070048274564944,0,14.083457526080476
CIAP,S14,Pericyte_VSMC,DCTN1,Inflammatory_polyneuropathy,3316,0.1712994991606896,0,11.399276236429433
CIAP,S14,Perineurium,DCTN1,Inflammatory_polyneuropathy,3191,0.1356155266143759,0,9.27608900031338
CIAP,S14,Repair_damage_SC,DCTN1,Inflammatory_polyneuropathy,139,0.3113074139295795,0,24.46043165467626
CIAP,S14,T_NK,DCTN1,Inflammatory_polyneuropathy,50,0.047298166633942,0,4
CIAP,S14,Adipo,ME1,Inflammatory_polyneuropathy,233,1.340338237861017,1.4640319411562666,69.95708154506438
CIAP,S14,BNB_EC,ME1,Inflammatory_polyneuropathy,324,0.0209061851539982,0,0.9259259259259258
CIAP,S14,B_cell,ME1,Inflammatory_polyneuropathy,1,2.3009231434093778,2.3009231434093778,100
CIAP,S14,Endoneurial_stroma,ME1,Inflammatory_polyneuropathy,912,0.8251873170537887,0,33.881578947368425
CIAP,S14,Epineurial_stroma,ME1,Inflammatory_polyneuropathy,1420,0.8103124701316188,0,37.46478873239437
CIAP,S14,Granulocyte,ME1,Inflammatory_polyneuropathy,2,0,0,0
CIAP,S14,Macrophage,ME1,Inflammatory_polyneuropathy,266,1.565720448388224,0.4073123257635022,50
CIAP,S14,Mast,ME1,Inflammatory_polyneuropathy,30,0.0850807117306947,0,3.333333333333333
CIAP,S14,Myelinating_SC,ME1,Inflammatory_polyneuropathy,148,1.0163503972165675,0,44.5945945945946
CIAP,S14,Nonmyelinating_SC,ME1,Inflammatory_polyneuropathy,1043,0.0276069729858893,0,1.821668264621285
CIAP,S14,Other_EC,ME1,Inflammatory_polyneuropathy,1342,0.0236189847424997,0,1.7883755588673622
CIAP,S14,Pericyte_VSMC,ME1,Inflammatory_polyneuropathy,3316,0.1157219579511826,0,6.12183353437877
CIAP,S14,Perineurium,ME1,Inflammatory_polyneuropathy,3191,0.5188593642096933,0,25.22720150423065
CIAP,S14,Repair_damage_SC,ME1,Inflammatory_polyneuropathy,139,0.2462158096491596,0,14.388489208633093
CIAP,S14,T_NK,ME1,Inflammatory_polyneuropathy,50,0.0390486400677069,0,2
CIDP,S17,Adipo,CDH4,CIDP,8,0,0,0
CIDP,S17,BNB_EC,CDH4,CIDP,62,0,0,0
CIDP,S17,B_cell,CDH4,CIDP,1,0,0,0
CIDP,S17,Endoneurial_stroma,CDH4,CIDP,507,0.0352825401725956,0,1.7751479289940828
CIDP,S17,Epineurial_stroma,CDH4,CIDP,383,0.4321266458234648,0,14.882506527415144
CIDP,S17,Macrophage,CDH4,CIDP,43,0.0702093382616392,0,4.651162790697675
CIDP,S17,Mast,CDH4,CIDP,9,0,0,0
CIDP,S17,Myelinating_SC,CDH4,CIDP,194,0.2093047803663736,0,9.278350515463918
CIDP,S17,Nonmyelinating_SC,CDH4,CIDP,1527,0.1941192802040187,0,6.810740013097577
CIDP,S17,Other_EC,CDH4,CIDP,307,0,0,0
CIDP,S17,Pericyte_VSMC,CDH4,CIDP,898,0,0,0
CIDP,S17,Perineurium,CDH4,CIDP,1508,0.0023240758490785,0,0.1326259946949602
CIDP,S17,Repair_damage_SC,CDH4,CIDP,58,0.0566843612420198,0,3.4482758620689653
CIDP,S17,T_NK,CDH4,CIDP,24,0,0,0
CIDP,S17,Adipo,DIRAS1,CIDP,8,0,0,0
CIDP,S17,BNB_EC,DIRAS1,CIDP,62,0,0,0
CIDP,S17,B_cell,DIRAS1,CIDP,1,0,0,0
CIDP,S17,Endoneurial_stroma,DIRAS1,CIDP,507,0,0,0
CIDP,S17,Epineurial_stroma,DIRAS1,CIDP,383,0,0,0
CIDP,S17,Macrophage,DIRAS1,CIDP,43,0,0,0
CIDP,S17,Mast,DIRAS1,CIDP,9,0,0,0
CIDP,S17,Myelinating_SC,DIRAS1,CIDP,194,0,0,0
CIDP,S17,Nonmyelinating_SC,DIRAS1,CIDP,1527,0,0,0
CIDP,S17,Other_EC,DIRAS1,CIDP,307,0,0,0
CIDP,S17,Pericyte_VSMC,DIRAS1,CIDP,898,0.0039492570245241,0,0.1113585746102449
CIDP,S17,Perineurium,DIRAS1,CIDP,1508,0,0,0
CIDP,S17,Repair_damage_SC,DIRAS1,CIDP,58,0,0,0
CIDP,S17,T_NK,DIRAS1,CIDP,24,0,0,0
CIDP,S17,Adipo,GNG7,CIDP,8,0.3370675674976761,0,12.5
CIDP,S17,BNB_EC,GNG7,CIDP,62,0.119964300215438,0,4.838709677419355
CIDP,S17,B_cell,GNG7,CIDP,1,0,0,0
CIDP,S17,Endoneurial_stroma,GNG7,CIDP,507,0.0030920462288278,0,0.1972386587771203
CIDP,S17,Epineurial_stroma,GNG7,CIDP,383,0.0177197364050457,0,0.7832898172323759
CIDP,S17,Macrophage,GNG7,CIDP,43,0.0228392912699668,0,2.3255813953488373
CIDP,S17,Mast,GNG7,CIDP,9,0.3182463621125867,0,11.11111111111111
CIDP,S17,Myelinating_SC,GNG7,CIDP,194,0.0293677419426881,0,2.061855670103093
CIDP,S17,Nonmyelinating_SC,GNG7,CIDP,1527,0.0850423538152765,0,2.9469548133595285
CIDP,S17,Other_EC,GNG7,CIDP,307,0.1332573204001236,0,4.5602605863192185
CIDP,S17,Pericyte_VSMC,GNG7,CIDP,898,0.044006654332403,0,1.670378619153675
CIDP,S17,Perineurium,GNG7,CIDP,1508,0.0954321950353031,0,3.7135278514588856
CIDP,S17,Repair_damage_SC,GNG7,CIDP,58,0.0282738172346446,0,1.7241379310344829
CIDP,S17,T_NK,GNG7,CIDP,24,0.1055814044045799,0,4.166666666666666
CIDP,S17,Adipo,SLC39A3,CIDP,8,0,0,0
CIDP,S17,BNB_EC,SLC39A3,CIDP,62,0.1026620367464932,0,3.225806451612903
CIDP,S17,B_cell,SLC39A3,CIDP,1,0,0,0
CIDP,S17,Endoneurial_stroma,SLC39A3,CIDP,507,0,0,0
CIDP,S17,Epineurial_stroma,SLC39A3,CIDP,383,0,0,0
CIDP,S17,Macrophage,SLC39A3,CIDP,43,0,0,0
CIDP,S17,Mast,SLC39A3,CIDP,9,0,0,0
CIDP,S17,Myelinating_SC,SLC39A3,CIDP,194,0,0,0
CIDP,S17,Nonmyelinating_SC,SLC39A3,CIDP,1527,0.0078182258391386,0,0.1964636542239685
CIDP,S17,Other_EC,SLC39A3,CIDP,307,0.0154479602657467,0,0.6514657980456027
CIDP,S17,Pericyte_VSMC,SLC39A3,CIDP,898,0.0066952263140946,0,0.3340757238307349
CIDP,S17,Perineurium,SLC39A3,CIDP,1508,0.0101638171951442,0,0.3978779840848806
CIDP,S17,Repair_damage_SC,SLC39A3,CIDP,58,0,0,0
CIDP,S17,T_NK,SLC39A3,CIDP,24,0,0,0
CIDP,S17,Adipo,DGKQ,Inflammatory_polyneuropathy,8,0,0,0
CIDP,S17,BNB_EC,DGKQ,Inflammatory_polyneuropathy,62,0.0544182163111424,0,3.225806451612903
CIDP,S17,B_cell,DGKQ,Inflammatory_polyneuropathy,1,0,0,0
CIDP,S17,Endoneurial_stroma,DGKQ,Inflammatory_polyneuropathy,507,0.0541538074815371,0,2.1696252465483234
CIDP,S17,Epineurial_stroma,DGKQ,Inflammatory_polyneuropathy,383,0.0492920879497171,0,2.088772845953003
CIDP,S17,Macrophage,DGKQ,Inflammatory_polyneuropathy,43,0,0,0
CIDP,S17,Mast,DGKQ,Inflammatory_polyneuropathy,9,0,0,0
CIDP,S17,Myelinating_SC,DGKQ,Inflammatory_polyneuropathy,194,0.0352646947929029,0,1.5463917525773196
CIDP,S17,Nonmyelinating_SC,DGKQ,Inflammatory_polyneuropathy,1527,0.0164517054684503,0,0.5893909626719057
CIDP,S17,Other_EC,DGKQ,Inflammatory_polyneuropathy,307,0.0053174395037359,0,0.3257328990228013
CIDP,S17,Pericyte_VSMC,DGKQ,Inflammatory_polyneuropathy,898,0.0161086582871076,0,0.6681514476614699
CIDP,S17,Perineurium,DGKQ,Inflammatory_polyneuropathy,1508,0.0202692311983404,0,0.7957559681697612
CIDP,S17,Repair_damage_SC,DGKQ,Inflammatory_polyneuropathy,58,0,0,0
CIDP,S17,T_NK,DGKQ,Inflammatory_polyneuropathy,24,0.1190501648869877,0,4.166666666666666
CIDP,S17,Adipo,GLDC,Inflammatory_polyneuropathy,8,0,0,0
CIDP,S17,BNB_EC,GLDC,Inflammatory_polyneuropathy,62,0,0,0
CIDP,S17,B_cell,GLDC,Inflammatory_polyneuropathy,1,0,0,0
CIDP,S17,Endoneurial_stroma,GLDC,Inflammatory_polyneuropathy,507,0.0233667459672358,0,0.7889546351084813
CIDP,S17,Epineurial_stroma,GLDC,Inflammatory_polyneuropathy,383,0,0,0
CIDP,S17,Macrophage,GLDC,Inflammatory_polyneuropathy,43,0.1142244108014948,0,4.651162790697675
CIDP,S17,Mast,GLDC,Inflammatory_polyneuropathy,9,0,0,0
CIDP,S17,Myelinating_SC,GLDC,Inflammatory_polyneuropathy,194,1.5909741902602503,0,47.42268041237113
CIDP,S17,Nonmyelinating_SC,GLDC,Inflammatory_polyneuropathy,1527,0.0210526387998159,0,0.7858546168958742
CIDP,S17,Other_EC,GLDC,Inflammatory_polyneuropathy,307,0.0060258541789572,0,0.3257328990228013
CIDP,S17,Pericyte_VSMC,GLDC,Inflammatory_polyneuropathy,898,0,0,0
CIDP,S17,Perineurium,GLDC,Inflammatory_polyneuropathy,1508,0.0039992541592916,0,0.1989389920424403
CIDP,S17,Repair_damage_SC,GLDC,Inflammatory_polyneuropathy,58,0.0883182867915135,0,3.4482758620689653
CIDP,S17,T_NK,GLDC,Inflammatory_polyneuropathy,24,0,0,0
CIDP,S17,Adipo,IDUA,Inflammatory_polyneuropathy,8,0,0,0
CIDP,S17,BNB_EC,IDUA,Inflammatory_polyneuropathy,62,0,0,0
CIDP,S17,B_cell,IDUA,Inflammatory_polyneuropathy,1,0,0,0
CIDP,S17,Endoneurial_stroma,IDUA,Inflammatory_polyneuropathy,507,0.1455135887565165,0,4.733727810650888
CIDP,S17,Epineurial_stroma,IDUA,Inflammatory_polyneuropathy,383,0.0607973575111078,0,2.088772845953003
CIDP,S17,Macrophage,IDUA,Inflammatory_polyneuropathy,43,0,0,0
CIDP,S17,Mast,IDUA,Inflammatory_polyneuropathy,9,0,0,0
CIDP,S17,Myelinating_SC,IDUA,Inflammatory_polyneuropathy,194,0.1588709811989584,0,5.154639175257731
CIDP,S17,Nonmyelinating_SC,IDUA,Inflammatory_polyneuropathy,1527,0.0445927223436348,0,1.4407334643091028
CIDP,S17,Other_EC,IDUA,Inflammatory_polyneuropathy,307,0.0487531569078986,0,1.954397394136808
CIDP,S17,Pericyte_VSMC,IDUA,Inflammatory_polyneuropathy,898,0.001180144410183,0,0.1113585746102449
CIDP,S17,Perineurium,IDUA,Inflammatory_polyneuropathy,1508,0.0280361050190149,0,1.1273209549071617
CIDP,S17,Repair_damage_SC,IDUA,Inflammatory_polyneuropathy,58,0,0,0
CIDP,S17,T_NK,IDUA,Inflammatory_polyneuropathy,24,0.200994660004194,0,4.166666666666666
CIDP,S17,Adipo,SLAMF9,Inflammatory_polyneuropathy,8,0,0,0
CIDP,S17,BNB_EC,SLAMF9,Inflammatory_polyneuropathy,62,0,0,0
CIDP,S17,B_cell,SLAMF9,Inflammatory_polyneuropathy,1,0,0,0
CIDP,S17,Endoneurial_stroma,SLAMF9,Inflammatory_polyneuropathy,507,0,0,0
CIDP,S17,Epineurial_stroma,SLAMF9,Inflammatory_polyneuropathy,383,0,0,0
CIDP,S17,Macrophage,SLAMF9,Inflammatory_polyneuropathy,43,0,0,0
CIDP,S17,Mast,SLAMF9,Inflammatory_polyneuropathy,9,0,0,0
CIDP,S17,Myelinating_SC,SLAMF9,Inflammatory_polyneuropathy,194,0,0,0
CIDP,S17,Nonmyelinating_SC,SLAMF9,Inflammatory_polyneuropathy,1527,0,0,0
CIDP,S17,Other_EC,SLAMF9,Inflammatory_polyneuropathy,307,0,0,0
CIDP,S17,Pericyte_VSMC,SLAMF9,Inflammatory_polyneuropathy,898,0,0,0
CIDP,S17,Perineurium,SLAMF9,Inflammatory_polyneuropathy,1508,0,0,0
CIDP,S17,Repair_damage_SC,SLAMF9,Inflammatory_polyneuropathy,58,0,0,0
CIDP,S17,T_NK,SLAMF9,Inflammatory_polyneuropathy,24,0,0,0
CIDP,S17,Adipo,TMEM175,Inflammatory_polyneuropathy,8,0.1988445580620163,0,12.5
CIDP,S17,BNB_EC,TMEM175,Inflammatory_polyneuropathy,62,0.1159294392199652,0,4.838709677419355
CIDP,S17,B_cell,TMEM175,Inflammatory_polyneuropathy,1,0,0,0
CIDP,S17,Endoneurial_stroma,TMEM175,Inflammatory_polyneuropathy,507,0.181543826988369,0,6.31163708086785
CIDP,S17,Epineurial_stroma,TMEM175,Inflammatory_polyneuropathy,383,0.1918152190224217,0,6.527415143603134
CIDP,S17,Macrophage,TMEM175,Inflammatory_polyneuropathy,43,0.2826735019344816,0,11.627906976744184
CIDP,S17,Mast,TMEM175,Inflammatory_polyneuropathy,9,0.4545133205709236,0,22.22222222222222
CIDP,S17,Myelinating_SC,TMEM175,Inflammatory_polyneuropathy,194,0.2340327864756463,0,8.24742268041237
CIDP,S17,Nonmyelinating_SC,TMEM175,Inflammatory_polyneuropathy,1527,0.1112627207421246,0,3.798297314996726
CIDP,S17,Other_EC,TMEM175,Inflammatory_polyneuropathy,307,0.0779291177743273,0,2.931596091205212
CIDP,S17,Pericyte_VSMC,TMEM175,Inflammatory_polyneuropathy,898,0.081777354373901,0,3.11804008908686
CIDP,S17,Perineurium,TMEM175,Inflammatory_polyneuropathy,1508,0.1471057416768367,0,5.437665782493369
CIDP,S17,Repair_damage_SC,TMEM175,Inflammatory_polyneuropathy,58,0.1190102349653853,0,3.4482758620689653
CIDP,S17,T_NK,TMEM175,Inflammatory_polyneuropathy,24,0.2229658494119262,0,8.333333333333332
CIDP,S17,Adipo,DCTN1,Inflammatory_polyneuropathy,8,0,0,0
CIDP,S17,BNB_EC,DCTN1,Inflammatory_polyneuropathy,62,0.1211452246146979,0,6.451612903225806
CIDP,S17,B_cell,DCTN1,Inflammatory_polyneuropathy,1,0,0,0
CIDP,S17,Endoneurial_stroma,DCTN1,Inflammatory_polyneuropathy,507,0.1317003778314882,0,4.733727810650888
CIDP,S17,Epineurial_stroma,DCTN1,Inflammatory_polyneuropathy,383,0.2119285904256352,0,7.571801566579634
CIDP,S17,Macrophage,DCTN1,Inflammatory_polyneuropathy,43,0.0923278528215699,0,4.651162790697675
CIDP,S17,Mast,DCTN1,Inflammatory_polyneuropathy,9,0.5335591616489435,0,22.22222222222222
CIDP,S17,Myelinating_SC,DCTN1,Inflammatory_polyneuropathy,194,0.1147369070647389,0,5.670103092783505
CIDP,S17,Nonmyelinating_SC,DCTN1,Inflammatory_polyneuropathy,1527,0.1450956525313599,0,4.780615586116569
CIDP,S17,Other_EC,DCTN1,Inflammatory_polyneuropathy,307,0.1720338029307665,0,6.514657980456026
CIDP,S17,Pericyte_VSMC,DCTN1,Inflammatory_polyneuropathy,898,0.2102724432700068,0,7.461024498886415
CIDP,S17,Perineurium,DCTN1,Inflammatory_polyneuropathy,1508,0.1330328223313293,0,5.371352785145889
CIDP,S17,Repair_damage_SC,DCTN1,Inflammatory_polyneuropathy,58,0.212679342665092,0,8.620689655172415
CIDP,S17,T_NK,DCTN1,Inflammatory_polyneuropathy,24,0.379883814154998,0,12.5
CIDP,S17,Adipo,ME1,Inflammatory_polyneuropathy,8,1.4582114653982374,1.949182083181411,62.5
CIDP,S17,BNB_EC,ME1,Inflammatory_polyneuropathy,62,0,0,0
CIDP,S17,B_cell,ME1,Inflammatory_polyneuropathy,1,0,0,0
CIDP,S17,Endoneurial_stroma,ME1,Inflammatory_polyneuropathy,507,0.415237163933107,0,14.595660749506903
CIDP,S17,Epineurial_stroma,ME1,Inflammatory_polyneuropathy,383,0.4061923400693602,0,14.360313315926891
CIDP,S17,Macrophage,ME1,Inflammatory_polyneuropathy,43,0.9265612468109364,0,27.906976744186046
CIDP,S17,Mast,ME1,Inflammatory_polyneuropathy,9,0,0,0
CIDP,S17,Myelinating_SC,ME1,Inflammatory_polyneuropathy,194,0.419852909970438,0,15.463917525773196
CIDP,S17,Nonmyelinating_SC,ME1,Inflammatory_polyneuropathy,1527,0.0072528765418076,0,0.3274394237066143
CIDP,S17,Other_EC,ME1,Inflammatory_polyneuropathy,307,0.0330598898790356,0,1.3029315960912051
CIDP,S17,Pericyte_VSMC,ME1,Inflammatory_polyneuropathy,898,0.161136697688327,0,5.679287305122494
CIDP,S17,Perineurium,ME1,Inflammatory_polyneuropathy,1508,0.3084224881043429,0,11.405835543766578
CIDP,S17,Repair_damage_SC,ME1,Inflammatory_polyneuropathy,58,0.2586576353471655,0,8.620689655172415
CIDP,S17,T_NK,ME1,Inflammatory_polyneuropathy,24,0,0,0
CIDP,S18,Adipo,CDH4,CIDP,61,0.0615127013321423,0,4.918032786885246
CIDP,S18,BNB_EC,CDH4,CIDP,158,0,0,0
CIDP,S18,B_cell,CDH4,CIDP,6,0,0,0
CIDP,S18,Endoneurial_stroma,CDH4,CIDP,979,0.2415874222211331,0,10.010214504596528
CIDP,S18,Epineurial_stroma,CDH4,CIDP,512,0.5643825551151194,0,20.1171875
CIDP,S18,Granulocyte,CDH4,CIDP,5,0,0,0
CIDP,S18,Macrophage,CDH4,CIDP,216,0.0218874846918722,0,0.9259259259259258
CIDP,S18,Mast,CDH4,CIDP,19,0,0,0
CIDP,S18,Myelinating_SC,CDH4,CIDP,689,0.1665845717549103,0,7.402031930333817
CIDP,S18,Nonmyelinating_SC,CDH4,CIDP,2755,0.2278446298240958,0,8.52994555353902
CIDP,S18,Other_EC,CDH4,CIDP,700,0,0,0
CIDP,S18,Pericyte_VSMC,CDH4,CIDP,2112,0,0,0
CIDP,S18,Perineurium,CDH4,CIDP,1871,0.0079689350181528,0,0.427578834847675
CIDP,S18,Repair_damage_SC,CDH4,CIDP,126,0.4905154901447567,0,19.047619047619047
CIDP,S18,T_NK,CDH4,CIDP,54,0.0533473790010318,0,1.851851851851852
CIDP,S18,Adipo,DIRAS1,CIDP,61,0,0,0
CIDP,S18,BNB_EC,DIRAS1,CIDP,158,0,0,0
CIDP,S18,B_cell,DIRAS1,CIDP,6,0,0,0
CIDP,S18,Endoneurial_stroma,DIRAS1,CIDP,979,0,0,0
CIDP,S18,Epineurial_stroma,DIRAS1,CIDP,512,0,0,0
CIDP,S18,Granulocyte,DIRAS1,CIDP,5,0,0,0
CIDP,S18,Macrophage,DIRAS1,CIDP,216,0,0,0
CIDP,S18,Mast,DIRAS1,CIDP,19,0,0,0
CIDP,S18,Myelinating_SC,DIRAS1,CIDP,689,0,0,0
CIDP,S18,Nonmyelinating_SC,DIRAS1,CIDP,2755,0.0010485385664688,0,0.0362976406533575
CIDP,S18,Other_EC,DIRAS1,CIDP,700,0,0,0
CIDP,S18,Pericyte_VSMC,DIRAS1,CIDP,2112,0,0,0
CIDP,S18,Perineurium,DIRAS1,CIDP,1871,0.0014337709658898,0,0.0534473543559593
CIDP,S18,Repair_damage_SC,DIRAS1,CIDP,126,0.0221907752316373,0,0.7936507936507936
CIDP,S18,T_NK,DIRAS1,CIDP,54,0,0,0
CIDP,S18,Adipo,GNG7,CIDP,61,0.132119379284347,0,8.19672131147541
CIDP,S18,BNB_EC,GNG7,CIDP,158,0.2329137509342113,0,8.860759493670885
CIDP,S18,B_cell,GNG7,CIDP,6,2.1285726551769053,2.2406584338621283,66.66666666666666
CIDP,S18,Endoneurial_stroma,GNG7,CIDP,979,0.0133609763247712,0,0.7150153217568949
CIDP,S18,Epineurial_stroma,GNG7,CIDP,512,0.0506468939257894,0,2.1484375
CIDP,S18,Granulocyte,GNG7,CIDP,5,0,0,0
CIDP,S18,Macrophage,GNG7,CIDP,216,0.642851916556226,0,18.98148148148148
CIDP,S18,Mast,GNG7,CIDP,19,0.1442231961157404,0,5.263157894736842
CIDP,S18,Myelinating_SC,GNG7,CIDP,689,0.0159817191013511,0,0.8708272859216255
CIDP,S18,Nonmyelinating_SC,GNG7,CIDP,2755,0.1385982343658833,0,4.86388384754991
CIDP,S18,Other_EC,GNG7,CIDP,700,0.0724169879738485,0,3.2857142857142856
CIDP,S18,Pericyte_VSMC,GNG7,CIDP,2112,0.0786774812859598,0,3.787878787878788
CIDP,S18,Perineurium,GNG7,CIDP,1871,0.09453979588365,0,4.115446285408872
CIDP,S18,Repair_damage_SC,GNG7,CIDP,126,0.1467566513880081,0,6.349206349206349
CIDP,S18,T_NK,GNG7,CIDP,54,0,0,0
CIDP,S18,Adipo,SLC39A3,CIDP,61,0,0,0
CIDP,S18,BNB_EC,SLC39A3,CIDP,158,0.0224497069650428,0,1.2658227848101269
CIDP,S18,B_cell,SLC39A3,CIDP,6,0,0,0
CIDP,S18,Endoneurial_stroma,SLC39A3,CIDP,979,0.0022363946600732,0,0.1021450459652706
CIDP,S18,Epineurial_stroma,SLC39A3,CIDP,512,0.00804895126445,0,0.5859375
CIDP,S18,Granulocyte,SLC39A3,CIDP,5,0,0,0
CIDP,S18,Macrophage,SLC39A3,CIDP,216,0,0,0
CIDP,S18,Mast,SLC39A3,CIDP,19,0,0,0
CIDP,S18,Myelinating_SC,SLC39A3,CIDP,689,0.0379218256573206,0,1.596516690856313
CIDP,S18,Nonmyelinating_SC,SLC39A3,CIDP,2755,0.0121635931009359,0,0.5444646098003629
CIDP,S18,Other_EC,SLC39A3,CIDP,700,0.0084143194149351,0,0.4285714285714286
CIDP,S18,Pericyte_VSMC,SLC39A3,CIDP,2112,0.017389489494297,0,0.8522727272727272
CIDP,S18,Perineurium,SLC39A3,CIDP,1871,0.0117604028059309,0,0.5344735435595939
CIDP,S18,Repair_damage_SC,SLC39A3,CIDP,126,0,0,0
CIDP,S18,T_NK,SLC39A3,CIDP,54,0,0,0
CIDP,S18,Adipo,DGKQ,Inflammatory_polyneuropathy,61,0,0,0
CIDP,S18,BNB_EC,DGKQ,Inflammatory_polyneuropathy,158,0.0419358861079867,0,1.89873417721519
CIDP,S18,B_cell,DGKQ,Inflammatory_polyneuropathy,6,0,0,0
CIDP,S18,Endoneurial_stroma,DGKQ,Inflammatory_polyneuropathy,979,0.0510415716986025,0,2.3493360572012256
CIDP,S18,Epineurial_stroma,DGKQ,Inflammatory_polyneuropathy,512,0.031676693011161,0,1.171875
CIDP,S18,Granulocyte,DGKQ,Inflammatory_polyneuropathy,5,0,0,0
CIDP,S18,Macrophage,DGKQ,Inflammatory_polyneuropathy,216,0.0364415553628234,0,1.3888888888888888
CIDP,S18,Mast,DGKQ,Inflammatory_polyneuropathy,19,0,0,0
CIDP,S18,Myelinating_SC,DGKQ,Inflammatory_polyneuropathy,689,0.0440539622234991,0,1.741654571843251
CIDP,S18,Nonmyelinating_SC,DGKQ,Inflammatory_polyneuropathy,2755,0.0144798484063181,0,0.5444646098003629
CIDP,S18,Other_EC,DGKQ,Inflammatory_polyneuropathy,700,0.0216443977275532,0,1.1428571428571428
CIDP,S18,Pericyte_VSMC,DGKQ,Inflammatory_polyneuropathy,2112,0.0295340594047605,0,1.5151515151515151
CIDP,S18,Perineurium,DGKQ,Inflammatory_polyneuropathy,1871,0.0094433460609361,0,0.4810261892036344
CIDP,S18,Repair_damage_SC,DGKQ,Inflammatory_polyneuropathy,126,0,0,0
CIDP,S18,T_NK,DGKQ,Inflammatory_polyneuropathy,54,0.1651579390934779,0,5.555555555555555
CIDP,S18,Adipo,GLDC,Inflammatory_polyneuropathy,61,0,0,0
CIDP,S18,BNB_EC,GLDC,Inflammatory_polyneuropathy,158,0,0,0
CIDP,S18,B_cell,GLDC,Inflammatory_polyneuropathy,6,0,0,0
CIDP,S18,Endoneurial_stroma,GLDC,Inflammatory_polyneuropathy,979,0.0035665052082969,0,0.2042900919305413
CIDP,S18,Epineurial_stroma,GLDC,Inflammatory_polyneuropathy,512,0.0092272131913321,0,0.5859375
CIDP,S18,Granulocyte,GLDC,Inflammatory_polyneuropathy,5,0,0,0
CIDP,S18,Macrophage,GLDC,Inflammatory_polyneuropathy,216,0.023133717319669,0,0.9259259259259258
CIDP,S18,Mast,GLDC,Inflammatory_polyneuropathy,19,0,0,0
CIDP,S18,Myelinating_SC,GLDC,Inflammatory_polyneuropathy,689,1.5498575092444968,0,48.33091436865022
CIDP,S18,Nonmyelinating_SC,GLDC,Inflammatory_polyneuropathy,2755,0.0208506186052138,0,0.9074410163339384
CIDP,S18,Other_EC,GLDC,Inflammatory_polyneuropathy,700,0.0079874709593412,0,0.2857142857142857
CIDP,S18,Pericyte_VSMC,GLDC,Inflammatory_polyneuropathy,2112,0.0093298716387194,0,0.4734848484848485
CIDP,S18,Perineurium,GLDC,Inflammatory_polyneuropathy,1871,0.0075013253735038,0,0.3741314804917157
CIDP,S18,Repair_damage_SC,GLDC,Inflammatory_polyneuropathy,126,0.2423280966159284,0,11.904761904761903
CIDP,S18,T_NK,GLDC,Inflammatory_polyneuropathy,54,0,0,0
CIDP,S18,Adipo,IDUA,Inflammatory_polyneuropathy,61,0.045643803819017,0,3.278688524590164
CIDP,S18,BNB_EC,IDUA,Inflammatory_polyneuropathy,158,0.1146411523843871,0,5.063291139240507
CIDP,S18,B_cell,IDUA,Inflammatory_polyneuropathy,6,0.7468861446207095,0,33.33333333333333
CIDP,S18,Endoneurial_stroma,IDUA,Inflammatory_polyneuropathy,979,0.096257134548111,0,4.59652706843718
CIDP,S18,Epineurial_stroma,IDUA,Inflammatory_polyneuropathy,512,0.0293933520707466,0,1.5625
CIDP,S18,Granulocyte,IDUA,Inflammatory_polyneuropathy,5,0,0,0
CIDP,S18,Macrophage,IDUA,Inflammatory_polyneuropathy,216,0.1330890312879482,0,3.7037037037037033
CIDP,S18,Mast,IDUA,Inflammatory_polyneuropathy,19,0.2496533799250195,0,10.526315789473683
CIDP,S18,Myelinating_SC,IDUA,Inflammatory_polyneuropathy,689,0.03970787480964,0,1.596516690856313
CIDP,S18,Nonmyelinating_SC,IDUA,Inflammatory_polyneuropathy,2755,0.0346683789473451,0,1.5245009074410163
CIDP,S18,Other_EC,IDUA,Inflammatory_polyneuropathy,700,0.0743056137202905,0,3.428571428571429
CIDP,S18,Pericyte_VSMC,IDUA,Inflammatory_polyneuropathy,2112,0.0220512208206173,0,1.231060606060606
CIDP,S18,Perineurium,IDUA,Inflammatory_polyneuropathy,1871,0.0340148651404127,0,1.4965259219668627
CIDP,S18,Repair_damage_SC,IDUA,Inflammatory_polyneuropathy,126,0.0233344972599631,0,1.5873015873015872
CIDP,S18,T_NK,IDUA,Inflammatory_polyneuropathy,54,0.0754535832268028,0,1.851851851851852
CIDP,S18,Adipo,SLAMF9,Inflammatory_polyneuropathy,61,0,0,0
CIDP,S18,BNB_EC,SLAMF9,Inflammatory_polyneuropathy,158,0,0,0
CIDP,S18,B_cell,SLAMF9,Inflammatory_polyneuropathy,6,0,0,0
CIDP,S18,Endoneurial_stroma,SLAMF9,Inflammatory_polyneuropathy,979,0,0,0
CIDP,S18,Epineurial_stroma,SLAMF9,Inflammatory_polyneuropathy,512,0,0,0
CIDP,S18,Granulocyte,SLAMF9,Inflammatory_polyneuropathy,5,0,0,0
CIDP,S18,Macrophage,SLAMF9,Inflammatory_polyneuropathy,216,0,0,0
CIDP,S18,Mast,SLAMF9,Inflammatory_polyneuropathy,19,0,0,0
CIDP,S18,Myelinating_SC,SLAMF9,Inflammatory_polyneuropathy,689,0,0,0
CIDP,S18,Nonmyelinating_SC,SLAMF9,Inflammatory_polyneuropathy,2755,0,0,0
CIDP,S18,Other_EC,SLAMF9,Inflammatory_polyneuropathy,700,0,0,0
CIDP,S18,Pericyte_VSMC,SLAMF9,Inflammatory_polyneuropathy,2112,0,0,0
CIDP,S18,Perineurium,SLAMF9,Inflammatory_polyneuropathy,1871,0,0,0
CIDP,S18,Repair_damage_SC,SLAMF9,Inflammatory_polyneuropathy,126,0,0,0
CIDP,S18,T_NK,SLAMF9,Inflammatory_polyneuropathy,54,0,0,0
CIDP,S18,Adipo,TMEM175,Inflammatory_polyneuropathy,61,0.0541623898664198,0,6.557377049180328
CIDP,S18,BNB_EC,TMEM175,Inflammatory_polyneuropathy,158,0.1432848484064627,0,6.329113924050633
CIDP,S18,B_cell,TMEM175,Inflammatory_polyneuropathy,6,0.3977250251750904,0,16.666666666666664
CIDP,S18,Endoneurial_stroma,TMEM175,Inflammatory_polyneuropathy,979,0.1432438955696785,0,6.332992849846783
CIDP,S18,Epineurial_stroma,TMEM175,Inflammatory_polyneuropathy,512,0.1453647896862795,0,5.46875
CIDP,S18,Granulocyte,TMEM175,Inflammatory_polyneuropathy,5,0,0,0
CIDP,S18,Macrophage,TMEM175,Inflammatory_polyneuropathy,216,0.0772872120606124,0,2.7777777777777777
CIDP,S18,Mast,TMEM175,Inflammatory_polyneuropathy,19,0,0,0
CIDP,S18,Myelinating_SC,TMEM175,Inflammatory_polyneuropathy,689,0.0952874786968151,0,4.354136429608127
CIDP,S18,Nonmyelinating_SC,TMEM175,Inflammatory_polyneuropathy,2755,0.0909546922399333,0,3.4482758620689653
CIDP,S18,Other_EC,TMEM175,Inflammatory_polyneuropathy,700,0.1078037975676145,0,5.428571428571429
CIDP,S18,Pericyte_VSMC,TMEM175,Inflammatory_polyneuropathy,2112,0.110057277598241,0,5.492424242424242
CIDP,S18,Perineurium,TMEM175,Inflammatory_polyneuropathy,1871,0.0943684803313591,0,4.115446285408872
CIDP,S18,Repair_damage_SC,TMEM175,Inflammatory_polyneuropathy,126,0.0836167076155265,0,4.761904761904762
CIDP,S18,T_NK,TMEM175,Inflammatory_polyneuropathy,54,0.1682970281066904,0,5.555555555555555
CIDP,S18,Adipo,DCTN1,Inflammatory_polyneuropathy,61,0.048784673167863,0,4.918032786885246
CIDP,S18,BNB_EC,DCTN1,Inflammatory_polyneuropathy,158,0.1047283462529113,0,5.063291139240507
CIDP,S18,B_cell,DCTN1,Inflammatory_polyneuropathy,6,0,0,0
CIDP,S18,Endoneurial_stroma,DCTN1,Inflammatory_polyneuropathy,979,0.1268944719021172,0,6.026557711950971
CIDP,S18,Epineurial_stroma,DCTN1,Inflammatory_polyneuropathy,512,0.1046388841737761,0,4.8828125
CIDP,S18,Granulocyte,DCTN1,Inflammatory_polyneuropathy,5,0,0,0
CIDP,S18,Macrophage,DCTN1,Inflammatory_polyneuropathy,216,0.0817820493143458,0,4.166666666666666
CIDP,S18,Mast,DCTN1,Inflammatory_polyneuropathy,19,0,0,0
CIDP,S18,Myelinating_SC,DCTN1,Inflammatory_polyneuropathy,689,0.0841228004555758,0,4.208998548621191
CIDP,S18,Nonmyelinating_SC,DCTN1,Inflammatory_polyneuropathy,2755,0.1729570510120913,0,6.823956442831217
CIDP,S18,Other_EC,DCTN1,Inflammatory_polyneuropathy,700,0.1024472010513872,0,5.428571428571429
CIDP,S18,Pericyte_VSMC,DCTN1,Inflammatory_polyneuropathy,2112,0.2375895234535891,0,11.931818181818182
CIDP,S18,Perineurium,DCTN1,Inflammatory_polyneuropathy,1871,0.1791724298134064,0,8.391234633885624
CIDP,S18,Repair_damage_SC,DCTN1,Inflammatory_polyneuropathy,126,0.0974054763747044,0,5.555555555555555
CIDP,S18,T_NK,DCTN1,Inflammatory_polyneuropathy,54,0.101830266152155,0,5.555555555555555
CIDP,S18,Adipo,ME1,Inflammatory_polyneuropathy,61,1.5129335072327743,1.3985656578923842,55.73770491803278
CIDP,S18,BNB_EC,ME1,Inflammatory_polyneuropathy,158,0,0,0
CIDP,S18,B_cell,ME1,Inflammatory_polyneuropathy,6,0,0,0
CIDP,S18,Endoneurial_stroma,ME1,Inflammatory_polyneuropathy,979,0.5609819832813783,0,21.859039836567927
CIDP,S18,Epineurial_stroma,ME1,Inflammatory_polyneuropathy,512,0.4759566619231901,0,16.6015625
CIDP,S18,Granulocyte,ME1,Inflammatory_polyneuropathy,5,0,0,0
CIDP,S18,Macrophage,ME1,Inflammatory_polyneuropathy,216,0.4896499030449722,0,15.27777777777778
CIDP,S18,Mast,ME1,Inflammatory_polyneuropathy,19,0.1442231961157404,0,5.263157894736842
CIDP,S18,Myelinating_SC,ME1,Inflammatory_polyneuropathy,689,0.3018066482343723,0,11.030478955007258
CIDP,S18,Nonmyelinating_SC,ME1,Inflammatory_polyneuropathy,2755,0.0026464629741565,0,0.1814882032667876
CIDP,S18,Other_EC,ME1,Inflammatory_polyneuropathy,700,0.0159956799526145,0,0.5714285714285714
CIDP,S18,Pericyte_VSMC,ME1,Inflammatory_polyneuropathy,2112,0.1200136856002701,0,5.918560606060606
CIDP,S18,Perineurium,ME1,Inflammatory_polyneuropathy,1871,0.308168709112318,0,12.720470336718332
CIDP,S18,Repair_damage_SC,ME1,Inflammatory_polyneuropathy,126,0.0409349175623041,0,2.380952380952381
CIDP,S18,T_NK,ME1,Inflammatory_polyneuropathy,54,0.1388091892876663,0,3.7037037037037033
CIDP,S19,Adipo,CDH4,CIDP,59,0.1293773996275726,0,16.94915254237288
CIDP,S19,BNB_EC,CDH4,CIDP,113,0,0,0
CIDP,S19,B_cell,CDH4,CIDP,2,0,0,0
CIDP,S19,Endoneurial_stroma,CDH4,CIDP,1013,0.0525121782408214,0,3.455083909180652
CIDP,S19,Epineurial_stroma,CDH4,CIDP,716,0.3589750694614713,0,16.480446927374302
CIDP,S19,Granulocyte,CDH4,CIDP,1,0,0,0
CIDP,S19,Macrophage,CDH4,CIDP,250,0.0099967811109638,0,1.2
CIDP,S19,Mast,CDH4,CIDP,45,0.0339401578794475,0,8.88888888888889
CIDP,S19,Myelinating_SC,CDH4,CIDP,166,0.3199053164352038,0,12.650602409638552
CIDP,S19,Nonmyelinating_SC,CDH4,CIDP,1386,0.3305150393162899,0,11.832611832611832
CIDP,S19,Other_EC,CDH4,CIDP,555,0.0014193345032355,0,0.3603603603603603
CIDP,S19,Pericyte_VSMC,CDH4,CIDP,540,0.0088824764889958,0,1.1111111111111112
CIDP,S19,Perineurium,CDH4,CIDP,2043,0.061606231735318,0,3.5731767009300053
CIDP,S19,Repair_damage_SC,CDH4,CIDP,67,0.3806754727941413,0,23.88059701492537
CIDP,S19,T_NK,CDH4,CIDP,89,0.0216584140258481,0,2.247191011235955
CIDP,S19,Adipo,DIRAS1,CIDP,59,0,0,0
CIDP,S19,BNB_EC,DIRAS1,CIDP,113,0,0,0
CIDP,S19,B_cell,DIRAS1,CIDP,2,0,0,0
CIDP,S19,Endoneurial_stroma,DIRAS1,CIDP,1013,0.0010208659144325,0,0.0987166831194471
CIDP,S19,Epineurial_stroma,DIRAS1,CIDP,716,0,0,0
CIDP,S19,Granulocyte,DIRAS1,CIDP,1,0,0,0
CIDP,S19,Macrophage,DIRAS1,CIDP,250,0.0044912674827814,0,0.4
CIDP,S19,Mast,DIRAS1,CIDP,45,0,0,0
CIDP,S19,Myelinating_SC,DIRAS1,CIDP,166,0,0,0
CIDP,S19,Nonmyelinating_SC,DIRAS1,CIDP,1386,0.0020975943435059,0,0.0721500721500721
CIDP,S19,Other_EC,DIRAS1,CIDP,555,0,0,0
CIDP,S19,Pericyte_VSMC,DIRAS1,CIDP,540,0.0057448088279161,0,0.1851851851851852
CIDP,S19,Perineurium,DIRAS1,CIDP,2043,0,0,0
CIDP,S19,Repair_damage_SC,DIRAS1,CIDP,67,0,0,0
CIDP,S19,T_NK,DIRAS1,CIDP,89,0,0,0
CIDP,S19,Adipo,GNG7,CIDP,59,0.2568583202717262,0,25.42372881355932
CIDP,S19,BNB_EC,GNG7,CIDP,113,0.2476543870931124,0,12.389380530973453
CIDP,S19,B_cell,GNG7,CIDP,2,2.200754760836624,2.200754760836624,50
CIDP,S19,Endoneurial_stroma,GNG7,CIDP,1013,0.0317286262979406,0,2.665350444225074
CIDP,S19,Epineurial_stroma,GNG7,CIDP,716,0.0585451718004392,0,3.7709497206703912
CIDP,S19,Granulocyte,GNG7,CIDP,1,0,0,0
CIDP,S19,Macrophage,GNG7,CIDP,250,0.5653735788673346,0,23.200000000000003
CIDP,S19,Mast,GNG7,CIDP,45,0.244073791065826,0,15.555555555555555
CIDP,S19,Myelinating_SC,GNG7,CIDP,166,0.0046448933768863,0,0.6024096385542169
CIDP,S19,Nonmyelinating_SC,GNG7,CIDP,1386,0.1423444578649163,0,5.988455988455989
CIDP,S19,Other_EC,GNG7,CIDP,555,0.1545564982978654,0,8.288288288288289
CIDP,S19,Pericyte_VSMC,GNG7,CIDP,540,0.0304380933880254,0,2.592592592592593
CIDP,S19,Perineurium,GNG7,CIDP,2043,0.193270596170231,0,10.670582476749878
CIDP,S19,Repair_damage_SC,GNG7,CIDP,67,0.1892611105991082,0,22.388059701492537
CIDP,S19,T_NK,GNG7,CIDP,89,0.0378289948417544,0,2.247191011235955
CIDP,S19,Adipo,SLC39A3,CIDP,59,0.0214430859117929,0,1.694915254237288
CIDP,S19,BNB_EC,SLC39A3,CIDP,113,0.0182445935025874,0,0.8849557522123894
CIDP,S19,B_cell,SLC39A3,CIDP,2,0,0,0
CIDP,S19,Endoneurial_stroma,SLC39A3,CIDP,1013,0.0093841197783455,0,0.6910167818361304
CIDP,S19,Epineurial_stroma,SLC39A3,CIDP,716,0.0048786160498921,0,0.2793296089385474
CIDP,S19,Granulocyte,SLC39A3,CIDP,1,0,0,0
CIDP,S19,Macrophage,SLC39A3,CIDP,250,0.0074336263546152,0,0.8
CIDP,S19,Mast,SLC39A3,CIDP,45,0,0,0
CIDP,S19,Myelinating_SC,SLC39A3,CIDP,166,0.0067861749365853,0,0.6024096385542169
CIDP,S19,Nonmyelinating_SC,SLC39A3,CIDP,1386,0.0016665297945859,0,0.1443001443001443
CIDP,S19,Other_EC,SLC39A3,CIDP,555,0.0146169848480942,0,1.0810810810810811
CIDP,S19,Pericyte_VSMC,SLC39A3,CIDP,540,0.0013915321594787,0,0.3703703703703704
CIDP,S19,Perineurium,SLC39A3,CIDP,2043,0.0070855290371862,0,0.4894762604013705
CIDP,S19,Repair_damage_SC,SLC39A3,CIDP,67,0,0,0
CIDP,S19,T_NK,SLC39A3,CIDP,89,0.0202094750388833,0,1.1235955056179776
CIDP,S19,Adipo,DGKQ,Inflammatory_polyneuropathy,59,0.0777321209915065,0,10.16949152542373
CIDP,S19,BNB_EC,DGKQ,Inflammatory_polyneuropathy,113,0.0336907454714086,0,2.6548672566371683
CIDP,S19,B_cell,DGKQ,Inflammatory_polyneuropathy,2,0,0,0
CIDP,S19,Endoneurial_stroma,DGKQ,Inflammatory_polyneuropathy,1013,0.031836504485234,0,1.7769002961500493
CIDP,S19,Epineurial_stroma,DGKQ,Inflammatory_polyneuropathy,716,0.0459376692381005,0,2.5139664804469275
CIDP,S19,Granulocyte,DGKQ,Inflammatory_polyneuropathy,1,0,0,0
CIDP,S19,Macrophage,DGKQ,Inflammatory_polyneuropathy,250,0.0618409198348517,0,4
CIDP,S19,Mast,DGKQ,Inflammatory_polyneuropathy,45,0.0679195318999107,0,4.444444444444445
CIDP,S19,Myelinating_SC,DGKQ,Inflammatory_polyneuropathy,166,0.012294594292636,0,1.2048192771084338
CIDP,S19,Nonmyelinating_SC,DGKQ,Inflammatory_polyneuropathy,1386,0.0068676790756492,0,0.3607503607503607
CIDP,S19,Other_EC,DGKQ,Inflammatory_polyneuropathy,555,0.0392909599581761,0,2.8828828828828827
CIDP,S19,Pericyte_VSMC,DGKQ,Inflammatory_polyneuropathy,540,0.0380734579816653,0,2.037037037037037
CIDP,S19,Perineurium,DGKQ,Inflammatory_polyneuropathy,2043,0.0329819905770612,0,2.15369554576603
CIDP,S19,Repair_damage_SC,DGKQ,Inflammatory_polyneuropathy,67,0.0738923425883628,0,7.462686567164178
CIDP,S19,T_NK,DGKQ,Inflammatory_polyneuropathy,89,0.145034092303087,0,5.617977528089887
CIDP,S19,Adipo,GLDC,Inflammatory_polyneuropathy,59,0.0480083478821279,0,6.779661016949152
CIDP,S19,BNB_EC,GLDC,Inflammatory_polyneuropathy,113,0.0275328850858276,0,1.7699115044247788
CIDP,S19,B_cell,GLDC,Inflammatory_polyneuropathy,2,0,0,0
CIDP,S19,Endoneurial_stroma,GLDC,Inflammatory_polyneuropathy,1013,0.0106751138352812,0,0.7897334649555774
CIDP,S19,Epineurial_stroma,GLDC,Inflammatory_polyneuropathy,716,0.0249169865314484,0,1.2569832402234635
CIDP,S19,Granulocyte,GLDC,Inflammatory_polyneuropathy,1,0,0,0
CIDP,S19,Macrophage,GLDC,Inflammatory_polyneuropathy,250,0.0050341983483307,0,0.8
CIDP,S19,Mast,GLDC,Inflammatory_polyneuropathy,45,0,0,0
CIDP,S19,Myelinating_SC,GLDC,Inflammatory_polyneuropathy,166,1.594775264137222,1.1763136312383198,50.60240963855421
CIDP,S19,Nonmyelinating_SC,GLDC,Inflammatory_polyneuropathy,1386,0.0098997726895381,0,0.4329004329004329
CIDP,S19,Other_EC,GLDC,Inflammatory_polyneuropathy,555,0.0074114088746965,0,0.5405405405405406
CIDP,S19,Pericyte_VSMC,GLDC,Inflammatory_polyneuropathy,540,0.0061709943400567,0,0.3703703703703704
CIDP,S19,Perineurium,GLDC,Inflammatory_polyneuropathy,2043,0.0093514046625112,0,0.6852667645619187
CIDP,S19,Repair_damage_SC,GLDC,Inflammatory_polyneuropathy,67,0.1406183234725935,0,7.462686567164178
CIDP,S19,T_NK,GLDC,Inflammatory_polyneuropathy,89,0,0,0
CIDP,S19,Adipo,IDUA,Inflammatory_polyneuropathy,59,0.0399099799630155,0,6.779661016949152
CIDP,S19,BNB_EC,IDUA,Inflammatory_polyneuropathy,113,0.0500861878893547,0,3.5398230088495577
CIDP,S19,B_cell,IDUA,Inflammatory_polyneuropathy,2,0,0,0
CIDP,S19,Endoneurial_stroma,IDUA,Inflammatory_polyneuropathy,1013,0.0696742065330164,0,3.751233958538993
CIDP,S19,Epineurial_stroma,IDUA,Inflammatory_polyneuropathy,716,0.0825776049722104,0,4.189944134078212
CIDP,S19,Granulocyte,IDUA,Inflammatory_polyneuropathy,1,0,0,0
CIDP,S19,Macrophage,IDUA,Inflammatory_polyneuropathy,250,0.1184261589762197,0,4.8
CIDP,S19,Mast,IDUA,Inflammatory_polyneuropathy,45,0,0,0
CIDP,S19,Myelinating_SC,IDUA,Inflammatory_polyneuropathy,166,0.0258300143667027,0,1.2048192771084338
CIDP,S19,Nonmyelinating_SC,IDUA,Inflammatory_polyneuropathy,1386,0.0336656573825325,0,1.7316017316017316
CIDP,S19,Other_EC,IDUA,Inflammatory_polyneuropathy,555,0.0471369448078305,0,2.702702702702702
CIDP,S19,Pericyte_VSMC,IDUA,Inflammatory_polyneuropathy,540,0.0191764001027855,0,2.2222222222222223
CIDP,S19,Perineurium,IDUA,Inflammatory_polyneuropathy,2043,0.0274846709248705,0,1.811062163485071
CIDP,S19,Repair_damage_SC,IDUA,Inflammatory_polyneuropathy,67,0.0191213891661528,0,4.477611940298507
CIDP,S19,T_NK,IDUA,Inflammatory_polyneuropathy,89,0.1802134516368493,0,5.617977528089887
CIDP,S19,Adipo,SLAMF9,Inflammatory_polyneuropathy,59,0,0,0
CIDP,S19,BNB_EC,SLAMF9,Inflammatory_polyneuropathy,113,0,0,0
CIDP,S19,B_cell,SLAMF9,Inflammatory_polyneuropathy,2,0,0,0
CIDP,S19,Endoneurial_stroma,SLAMF9,Inflammatory_polyneuropathy,1013,0,0,0
CIDP,S19,Epineurial_stroma,SLAMF9,Inflammatory_polyneuropathy,716,0,0,0
CIDP,S19,Granulocyte,SLAMF9,Inflammatory_polyneuropathy,1,0,0,0
CIDP,S19,Macrophage,SLAMF9,Inflammatory_polyneuropathy,250,0,0,0
CIDP,S19,Mast,SLAMF9,Inflammatory_polyneuropathy,45,0,0,0
CIDP,S19,Myelinating_SC,SLAMF9,Inflammatory_polyneuropathy,166,0,0,0
CIDP,S19,Nonmyelinating_SC,SLAMF9,Inflammatory_polyneuropathy,1386,0,0,0
CIDP,S19,Other_EC,SLAMF9,Inflammatory_polyneuropathy,555,0,0,0
CIDP,S19,Pericyte_VSMC,SLAMF9,Inflammatory_polyneuropathy,540,0,0,0
CIDP,S19,Perineurium,SLAMF9,Inflammatory_polyneuropathy,2043,0,0,0
CIDP,S19,Repair_damage_SC,SLAMF9,Inflammatory_polyneuropathy,67,0,0,0
CIDP,S19,T_NK,SLAMF9,Inflammatory_polyneuropathy,89,0,0,0
CIDP,S19,Adipo,TMEM175,Inflammatory_polyneuropathy,59,0.1782217226105192,0,27.11864406779661
CIDP,S19,BNB_EC,TMEM175,Inflammatory_polyneuropathy,113,0.0514720704178909,0,4.424778761061947
CIDP,S19,B_cell,TMEM175,Inflammatory_polyneuropathy,2,0,0,0
CIDP,S19,Endoneurial_stroma,TMEM175,Inflammatory_polyneuropathy,1013,0.2025706209250392,0,9.674234945705823
CIDP,S19,Epineurial_stroma,TMEM175,Inflammatory_polyneuropathy,716,0.1406526752331954,0,7.12290502793296
CIDP,S19,Granulocyte,TMEM175,Inflammatory_polyneuropathy,1,0,0,0
CIDP,S19,Macrophage,TMEM175,Inflammatory_polyneuropathy,250,0.1382117955866962,0,7.6
CIDP,S19,Mast,TMEM175,Inflammatory_polyneuropathy,45,0.2168534534472553,0,17.77777777777778
CIDP,S19,Myelinating_SC,TMEM175,Inflammatory_polyneuropathy,166,0.3020536373716677,0,11.44578313253012
CIDP,S19,Nonmyelinating_SC,TMEM175,Inflammatory_polyneuropathy,1386,0.0972070012931213,0,4.834054834054834
CIDP,S19,Other_EC,TMEM175,Inflammatory_polyneuropathy,555,0.0891127524068781,0,5.9459459459459465
CIDP,S19,Pericyte_VSMC,TMEM175,Inflammatory_polyneuropathy,540,0.1459055729629056,0,8.148148148148149
CIDP,S19,Perineurium,TMEM175,Inflammatory_polyneuropathy,2043,0.1238696177329496,0,7.733724914341653
CIDP,S19,Repair_damage_SC,TMEM175,Inflammatory_polyneuropathy,67,0.0694406345896334,0,14.925373134328357
CIDP,S19,T_NK,TMEM175,Inflammatory_polyneuropathy,89,0.1990664282244936,0,6.741573033707865
CIDP,S19,Adipo,DCTN1,Inflammatory_polyneuropathy,59,0.3046510594080727,0,32.20338983050847
CIDP,S19,BNB_EC,DCTN1,Inflammatory_polyneuropathy,113,0.1013602498473648,0,7.079646017699115
CIDP,S19,B_cell,DCTN1,Inflammatory_polyneuropathy,2,0,0,0
CIDP,S19,Endoneurial_stroma,DCTN1,Inflammatory_polyneuropathy,1013,0.2003999222676567,0,10.85883514313919
CIDP,S19,Epineurial_stroma,DCTN1,Inflammatory_polyneuropathy,716,0.2992855065263284,0,14.52513966480447
CIDP,S19,Granulocyte,DCTN1,Inflammatory_polyneuropathy,1,0,0,0
CIDP,S19,Macrophage,DCTN1,Inflammatory_polyneuropathy,250,0.1218105779961556,0,7.199999999999999
CIDP,S19,Mast,DCTN1,Inflammatory_polyneuropathy,45,0.2303397295132478,0,22.22222222222222
CIDP,S19,Myelinating_SC,DCTN1,Inflammatory_polyneuropathy,166,0.094525174267214,0,5.421686746987952
CIDP,S19,Nonmyelinating_SC,DCTN1,Inflammatory_polyneuropathy,1386,0.112698494906227,0,5.916305916305916
CIDP,S19,Other_EC,DCTN1,Inflammatory_polyneuropathy,555,0.1531889408617041,0,9.72972972972973
CIDP,S19,Pericyte_VSMC,DCTN1,Inflammatory_polyneuropathy,540,0.2079706754508412,0,12.037037037037036
CIDP,S19,Perineurium,DCTN1,Inflammatory_polyneuropathy,2043,0.1797459015981034,0,11.845325501713166
CIDP,S19,Repair_damage_SC,DCTN1,Inflammatory_polyneuropathy,67,0.3584919954252194,0,25.37313432835821
CIDP,S19,T_NK,DCTN1,Inflammatory_polyneuropathy,89,0.1620224150562275,0,7.865168539325842
CIDP,S19,Adipo,ME1,Inflammatory_polyneuropathy,59,1.9236518621482803,1.9286612182797376,79.66101694915254
CIDP,S19,BNB_EC,ME1,Inflammatory_polyneuropathy,113,0.0287807613013426,0,1.7699115044247788
CIDP,S19,B_cell,ME1,Inflammatory_polyneuropathy,2,0,0,0
CIDP,S19,Endoneurial_stroma,ME1,Inflammatory_polyneuropathy,1013,0.6425957942741514,0,27.838104639684108
CIDP,S19,Epineurial_stroma,ME1,Inflammatory_polyneuropathy,716,0.6032555724074345,0,26.39664804469274
CIDP,S19,Granulocyte,ME1,Inflammatory_polyneuropathy,1,0,0,0
CIDP,S19,Macrophage,ME1,Inflammatory_polyneuropathy,250,1.5476950077156082,0,48
CIDP,S19,Mast,ME1,Inflammatory_polyneuropathy,45,0.2021534316089728,0,20
CIDP,S19,Myelinating_SC,ME1,Inflammatory_polyneuropathy,166,0.1856485343634457,0,8.433734939759036
CIDP,S19,Nonmyelinating_SC,ME1,Inflammatory_polyneuropathy,1386,0.0262010815932165,0,1.2987012987012987
CIDP,S19,Other_EC,ME1,Inflammatory_polyneuropathy,555,0.0197077065256681,0,1.2612612612612613
CIDP,S19,Pericyte_VSMC,ME1,Inflammatory_polyneuropathy,540,0.3809541303153345,0,17.59259259259259
CIDP,S19,Perineurium,ME1,Inflammatory_polyneuropathy,2043,0.3882238500314069,0,20.06852667645619
CIDP,S19,Repair_damage_SC,ME1,Inflammatory_polyneuropathy,67,0.3521014506375335,0,31.343283582089555
CIDP,S19,T_NK,ME1,Inflammatory_polyneuropathy,89,0.0833415764716603,0,3.3707865168539324
CIAP,S31,Adipo,CDH4,CIDP,61,0.0314715651402581,0,4.918032786885246
CIAP,S31,BNB_EC,CDH4,CIDP,162,0,0,0
CIAP,S31,B_cell,CDH4,CIDP,4,0,0,0
CIAP,S31,Endoneurial_stroma,CDH4,CIDP,457,0.2651757130980076,0,11.159737417943107
CIAP,S31,Epineurial_stroma,CDH4,CIDP,726,0.0332957615420288,0,2.203856749311295
CIAP,S31,Granulocyte,CDH4,CIDP,5,0,0,0
CIAP,S31,Macrophage,CDH4,CIDP,184,0,0,0
CIAP,S31,Mast,CDH4,CIDP,14,0,0,0
CIAP,S31,Myelinating_SC,CDH4,CIDP,172,0.2950971683049295,0,13.372093023255813
CIAP,S31,Nonmyelinating_SC,CDH4,CIDP,986,0.2183556628154301,0,7.606490872210954
CIAP,S31,Other_EC,CDH4,CIDP,796,0,0,0
CIAP,S31,Pericyte_VSMC,CDH4,CIDP,1455,0,0,0
CIAP,S31,Perineurium,CDH4,CIDP,1525,0,0,0
CIAP,S31,Repair_damage_SC,CDH4,CIDP,93,0.3209899944644488,0,13.978494623655912
CIAP,S31,T_NK,CDH4,CIDP,47,0,0,0
CIAP,S31,Adipo,DIRAS1,CIDP,61,0,0,0
CIAP,S31,BNB_EC,DIRAS1,CIDP,162,0,0,0
CIAP,S31,B_cell,DIRAS1,CIDP,4,0,0,0
CIAP,S31,Endoneurial_stroma,DIRAS1,CIDP,457,0,0,0
CIAP,S31,Epineurial_stroma,DIRAS1,CIDP,726,0,0,0
CIAP,S31,Granulocyte,DIRAS1,CIDP,5,0,0,0
CIAP,S31,Macrophage,DIRAS1,CIDP,184,0,0,0
CIAP,S31,Mast,DIRAS1,CIDP,14,0,0,0
CIAP,S31,Myelinating_SC,DIRAS1,CIDP,172,0,0,0
CIAP,S31,Nonmyelinating_SC,DIRAS1,CIDP,986,0.0036249814288964,0,0.101419878296146
CIAP,S31,Other_EC,DIRAS1,CIDP,796,0,0,0
CIAP,S31,Pericyte_VSMC,DIRAS1,CIDP,1455,0.0013314187963284,0,0.0687285223367697
CIAP,S31,Perineurium,DIRAS1,CIDP,1525,0.001356480232105,0,0.0655737704918032
CIAP,S31,Repair_damage_SC,DIRAS1,CIDP,93,0.0333351981833964,0,2.1505376344086025
CIAP,S31,T_NK,DIRAS1,CIDP,47,0,0,0
CIAP,S31,Adipo,GNG7,CIDP,61,0.0404646603506525,0,4.918032786885246
CIAP,S31,BNB_EC,GNG7,CIDP,162,0.2670945349157665,0,10.493827160493826
CIAP,S31,B_cell,GNG7,CIDP,4,3.3387341257992755,3.3989801089779994,100
CIAP,S31,Endoneurial_stroma,GNG7,CIDP,457,0.018949815410564,0,1.0940919037199124
CIAP,S31,Epineurial_stroma,GNG7,CIDP,726,0.0414681686871544,0,2.3415977961432506
CIAP,S31,Granulocyte,GNG7,CIDP,5,0,0,0
CIAP,S31,Macrophage,GNG7,CIDP,184,0.4517091039755751,0,15.217391304347828
CIAP,S31,Mast,GNG7,CIDP,14,0,0,0
CIAP,S31,Myelinating_SC,GNG7,CIDP,172,0.0469074534186853,0,1.744186046511628
CIAP,S31,Nonmyelinating_SC,GNG7,CIDP,986,0.1045395856321095,0,3.549695740365112
CIAP,S31,Other_EC,GNG7,CIDP,796,0.1496224378355476,0,7.160804020100503
CIAP,S31,Pericyte_VSMC,GNG7,CIDP,1455,0.1195621344298349,0,4.742268041237113
CIAP,S31,Perineurium,GNG7,CIDP,1525,0.0595856951990108,0,2.622950819672131
CIAP,S31,Repair_damage_SC,GNG7,CIDP,93,0.2275092649530273,0,8.60215053763441
CIAP,S31,T_NK,GNG7,CIDP,47,0.2306351304305808,0,8.51063829787234
CIAP,S31,Adipo,SLC39A3,CIDP,61,0,0,0
CIAP,S31,BNB_EC,SLC39A3,CIDP,162,0,0,0
CIAP,S31,B_cell,SLC39A3,CIDP,4,0,0,0
CIAP,S31,Endoneurial_stroma,SLC39A3,CIDP,457,0.0067713036200765,0,0.2188183807439825
CIAP,S31,Epineurial_stroma,SLC39A3,CIDP,726,0.0164047171285472,0,0.9641873278236914
CIAP,S31,Granulocyte,SLC39A3,CIDP,5,0,0,0
CIAP,S31,Macrophage,SLC39A3,CIDP,184,0.033276517416554,0,1.6304347826086956
CIAP,S31,Mast,SLC39A3,CIDP,14,0,0,0
CIAP,S31,Myelinating_SC,SLC39A3,CIDP,172,0.0167439831725057,0,0.5813953488372093
CIAP,S31,Nonmyelinating_SC,SLC39A3,CIDP,986,0.0057138455337094,0,0.2028397565922921
CIAP,S31,Other_EC,SLC39A3,CIDP,796,0.0142477119948795,0,0.7537688442211055
CIAP,S31,Pericyte_VSMC,SLC39A3,CIDP,1455,0.0031670248693765,0,0.1374570446735395
CIAP,S31,Perineurium,SLC39A3,CIDP,1525,0.0047592275336272,0,0.2622950819672131
CIAP,S31,Repair_damage_SC,SLC39A3,CIDP,93,0,0,0
CIAP,S31,T_NK,SLC39A3,CIDP,47,0.0290666345400578,0,2.127659574468085
CIAP,S31,Adipo,DGKQ,Inflammatory_polyneuropathy,61,0.1134325864479359,0,9.836065573770492
CIAP,S31,BNB_EC,DGKQ,Inflammatory_polyneuropathy,162,0.0160839860574961,0,0.6172839506172839
CIAP,S31,B_cell,DGKQ,Inflammatory_polyneuropathy,4,0,0,0
CIAP,S31,Endoneurial_stroma,DGKQ,Inflammatory_polyneuropathy,457,0.0592789713082144,0,3.282275711159737
CIAP,S31,Epineurial_stroma,DGKQ,Inflammatory_polyneuropathy,726,0.0358599246842309,0,2.3415977961432506
CIAP,S31,Granulocyte,DGKQ,Inflammatory_polyneuropathy,5,0,0,0
CIAP,S31,Macrophage,DGKQ,Inflammatory_polyneuropathy,184,0.084525126638601,0,4.3478260869565215
CIAP,S31,Mast,DGKQ,Inflammatory_polyneuropathy,14,0.1927535184530907,0,7.142857142857142
CIAP,S31,Myelinating_SC,DGKQ,Inflammatory_polyneuropathy,172,0.0492769357607846,0,2.9069767441860463
CIAP,S31,Nonmyelinating_SC,DGKQ,Inflammatory_polyneuropathy,986,0.0230662163213545,0,0.8113590263691683
CIAP,S31,Other_EC,DGKQ,Inflammatory_polyneuropathy,796,0.0706570359383661,0,3.5175879396984926
CIAP,S31,Pericyte_VSMC,DGKQ,Inflammatory_polyneuropathy,1455,0.0358226018410597,0,1.5120274914089349
CIAP,S31,Perineurium,DGKQ,Inflammatory_polyneuropathy,1525,0.0266585028841702,0,1.180327868852459
CIAP,S31,Repair_damage_SC,DGKQ,Inflammatory_polyneuropathy,93,0.0249421779460834,0,1.0752688172043012
CIAP,S31,T_NK,DGKQ,Inflammatory_polyneuropathy,47,0.1003143936528324,0,4.25531914893617
CIAP,S31,Adipo,GLDC,Inflammatory_polyneuropathy,61,0,0,0
CIAP,S31,BNB_EC,GLDC,Inflammatory_polyneuropathy,162,0,0,0
CIAP,S31,B_cell,GLDC,Inflammatory_polyneuropathy,4,0,0,0
CIAP,S31,Endoneurial_stroma,GLDC,Inflammatory_polyneuropathy,457,0,0,0
CIAP,S31,Epineurial_stroma,GLDC,Inflammatory_polyneuropathy,726,0.0324257047610944,0,1.9283746556473829
CIAP,S31,Granulocyte,GLDC,Inflammatory_polyneuropathy,5,0.9298815385387444,0,20
CIAP,S31,Macrophage,GLDC,Inflammatory_polyneuropathy,184,0,0,0
CIAP,S31,Mast,GLDC,Inflammatory_polyneuropathy,14,0,0,0
CIAP,S31,Myelinating_SC,GLDC,Inflammatory_polyneuropathy,172,1.6561783679427502,1.5924329602416003,51.74418604651163
CIAP,S31,Nonmyelinating_SC,GLDC,Inflammatory_polyneuropathy,986,0.0211744566137372,0,0.7099391480730223
CIAP,S31,Other_EC,GLDC,Inflammatory_polyneuropathy,796,0.022724944877639,0,1.256281407035176
CIAP,S31,Pericyte_VSMC,GLDC,Inflammatory_polyneuropathy,1455,0,0,0
CIAP,S31,Perineurium,GLDC,Inflammatory_polyneuropathy,1525,0.0042151952006238,0,0.1967213114754098
CIAP,S31,Repair_damage_SC,GLDC,Inflammatory_polyneuropathy,93,0.2153996592449044,0,7.526881720430108
CIAP,S31,T_NK,GLDC,Inflammatory_polyneuropathy,47,0,0,0
CIAP,S31,Adipo,IDUA,Inflammatory_polyneuropathy,61,0.051476427318518,0,4.918032786885246
CIAP,S31,BNB_EC,IDUA,Inflammatory_polyneuropathy,162,0.094663112498385,0,3.7037037037037033
CIAP,S31,B_cell,IDUA,Inflammatory_polyneuropathy,4,0.245019751435655,0,25
CIAP,S31,Endoneurial_stroma,IDUA,Inflammatory_polyneuropathy,457,0.0795047182395529,0,3.938730853391685
CIAP,S31,Epineurial_stroma,IDUA,Inflammatory_polyneuropathy,726,0.069490339813559,0,3.8567493112947657
CIAP,S31,Granulocyte,IDUA,Inflammatory_polyneuropathy,5,0,0,0
CIAP,S31,Macrophage,IDUA,Inflammatory_polyneuropathy,184,0.093430916780397,0,3.804347826086957
CIAP,S31,Mast,IDUA,Inflammatory_polyneuropathy,14,0,0,0
CIAP,S31,Myelinating_SC,IDUA,Inflammatory_polyneuropathy,172,0.017035072335221,0,1.162790697674419
CIAP,S31,Nonmyelinating_SC,IDUA,Inflammatory_polyneuropathy,986,0.0133133491699356,0,0.5070993914807302
CIAP,S31,Other_EC,IDUA,Inflammatory_polyneuropathy,796,0.0740242685113485,0,3.5175879396984926
CIAP,S31,Pericyte_VSMC,IDUA,Inflammatory_polyneuropathy,1455,0.0038366991521139,0,0.2061855670103093
CIAP,S31,Perineurium,IDUA,Inflammatory_polyneuropathy,1525,0.0326603526634772,0,1.4426229508196722
CIAP,S31,Repair_damage_SC,IDUA,Inflammatory_polyneuropathy,93,0.04441357969987,0,2.1505376344086025
CIAP,S31,T_NK,IDUA,Inflammatory_polyneuropathy,47,0.0507734074691604,0,2.127659574468085
CIAP,S31,Adipo,SLAMF9,Inflammatory_polyneuropathy,61,0,0,0
CIAP,S31,BNB_EC,SLAMF9,Inflammatory_polyneuropathy,162,0,0,0
CIAP,S31,B_cell,SLAMF9,Inflammatory_polyneuropathy,4,0,0,0
CIAP,S31,Endoneurial_stroma,SLAMF9,Inflammatory_polyneuropathy,457,0,0,0
CIAP,S31,Epineurial_stroma,SLAMF9,Inflammatory_polyneuropathy,726,0,0,0
CIAP,S31,Granulocyte,SLAMF9,Inflammatory_polyneuropathy,5,0,0,0
CIAP,S31,Macrophage,SLAMF9,Inflammatory_polyneuropathy,184,0.0030802990349004,0,0.5434782608695652
CIAP,S31,Mast,SLAMF9,Inflammatory_polyneuropathy,14,0,0,0
CIAP,S31,Myelinating_SC,SLAMF9,Inflammatory_polyneuropathy,172,0,0,0
CIAP,S31,Nonmyelinating_SC,SLAMF9,Inflammatory_polyneuropathy,986,0,0,0
CIAP,S31,Other_EC,SLAMF9,Inflammatory_polyneuropathy,796,0,0,0
CIAP,S31,Pericyte_VSMC,SLAMF9,Inflammatory_polyneuropathy,1455,0,0,0
CIAP,S31,Perineurium,SLAMF9,Inflammatory_polyneuropathy,1525,0,0,0
CIAP,S31,Repair_damage_SC,SLAMF9,Inflammatory_polyneuropathy,93,0,0,0
CIAP,S31,T_NK,SLAMF9,Inflammatory_polyneuropathy,47,0,0,0
CIAP,S31,Adipo,TMEM175,Inflammatory_polyneuropathy,61,0.2066141003411991,0,19.672131147540984
CIAP,S31,BNB_EC,TMEM175,Inflammatory_polyneuropathy,162,0.0481837516847963,0,2.469135802469136
CIAP,S31,B_cell,TMEM175,Inflammatory_polyneuropathy,4,0,0,0
CIAP,S31,Endoneurial_stroma,TMEM175,Inflammatory_polyneuropathy,457,0.1259670549610911,0,5.470459518599562
CIAP,S31,Epineurial_stroma,TMEM175,Inflammatory_polyneuropathy,726,0.152358950220354,0,8.1267217630854
CIAP,S31,Granulocyte,TMEM175,Inflammatory_polyneuropathy,5,0,0,0
CIAP,S31,Macrophage,TMEM175,Inflammatory_polyneuropathy,184,0.1869975049928458,0,7.065217391304348
CIAP,S31,Mast,TMEM175,Inflammatory_polyneuropathy,14,0.1453970330772063,0,7.142857142857142
CIAP,S31,Myelinating_SC,TMEM175,Inflammatory_polyneuropathy,172,0.1444509599697576,0,5.813953488372093
CIAP,S31,Nonmyelinating_SC,TMEM175,Inflammatory_polyneuropathy,986,0.0792147771636203,0,2.636916835699797
CIAP,S31,Other_EC,TMEM175,Inflammatory_polyneuropathy,796,0.1083541682246808,0,5.653266331658291
CIAP,S31,Pericyte_VSMC,TMEM175,Inflammatory_polyneuropathy,1455,0.1082879331888619,0,4.398625429553265
CIAP,S31,Perineurium,TMEM175,Inflammatory_polyneuropathy,1525,0.110761498564393,0,4.786885245901639
CIAP,S31,Repair_damage_SC,TMEM175,Inflammatory_polyneuropathy,93,0.1300217597140422,0,4.301075268817205
CIAP,S31,T_NK,TMEM175,Inflammatory_polyneuropathy,47,0.1255660974164863,0,4.25531914893617
CIAP,S31,Adipo,DCTN1,Inflammatory_polyneuropathy,61,0.0610443336339676,0,8.19672131147541
CIAP,S31,BNB_EC,DCTN1,Inflammatory_polyneuropathy,162,0.147023113909116,0,7.4074074074074066
CIAP,S31,B_cell,DCTN1,Inflammatory_polyneuropathy,4,0,0,0
CIAP,S31,Endoneurial_stroma,DCTN1,Inflammatory_polyneuropathy,457,0.0867895777669341,0,4.157549234135667
CIAP,S31,Epineurial_stroma,DCTN1,Inflammatory_polyneuropathy,726,0.1284118672482293,0,6.749311294765841
CIAP,S31,Granulocyte,DCTN1,Inflammatory_polyneuropathy,5,0,0,0
CIAP,S31,Macrophage,DCTN1,Inflammatory_polyneuropathy,184,0.1078458877516517,0,5.978260869565218
CIAP,S31,Mast,DCTN1,Inflammatory_polyneuropathy,14,0,0,0
CIAP,S31,Myelinating_SC,DCTN1,Inflammatory_polyneuropathy,172,0.0152749703405564,0,0.5813953488372093
CIAP,S31,Nonmyelinating_SC,DCTN1,Inflammatory_polyneuropathy,986,0.0800706834095731,0,3.2454361054766734
CIAP,S31,Other_EC,DCTN1,Inflammatory_polyneuropathy,796,0.162002509312034,0,7.914572864321608
CIAP,S31,Pericyte_VSMC,DCTN1,Inflammatory_polyneuropathy,1455,0.1696541337535354,0,7.079037800687285
CIAP,S31,Perineurium,DCTN1,Inflammatory_polyneuropathy,1525,0.1093715004243871,0,5.245901639344262
CIAP,S31,Repair_damage_SC,DCTN1,Inflammatory_polyneuropathy,93,0.2264177735047167,0,8.60215053763441
CIAP,S31,T_NK,DCTN1,Inflammatory_polyneuropathy,47,0.0924099570990853,0,4.25531914893617
CIAP,S31,Adipo,ME1,Inflammatory_polyneuropathy,61,1.902006654636225,2.117699483787998,77.04918032786885
CIAP,S31,BNB_EC,ME1,Inflammatory_polyneuropathy,162,0,0,0
CIAP,S31,B_cell,ME1,Inflammatory_polyneuropathy,4,0,0,0
CIAP,S31,Endoneurial_stroma,ME1,Inflammatory_polyneuropathy,457,0.3830790777367852,0,15.53610503282276
CIAP,S31,Epineurial_stroma,ME1,Inflammatory_polyneuropathy,726,0.3654685009243761,0,16.115702479338843
CIAP,S31,Granulocyte,ME1,Inflammatory_polyneuropathy,5,0,0,0
CIAP,S31,Macrophage,ME1,Inflammatory_polyneuropathy,184,1.3430486489748477,0,38.04347826086957
CIAP,S31,Mast,ME1,Inflammatory_polyneuropathy,14,0,0,0
CIAP,S31,Myelinating_SC,ME1,Inflammatory_polyneuropathy,172,0.8437307478402312,0,27.325581395348834
CIAP,S31,Nonmyelinating_SC,ME1,Inflammatory_polyneuropathy,986,0.0232418006005195,0,0.7099391480730223
CIAP,S31,Other_EC,ME1,Inflammatory_polyneuropathy,796,0.0048648731812686,0,0.3768844221105527
CIAP,S31,Pericyte_VSMC,ME1,Inflammatory_polyneuropathy,1455,0.0761607999179561,0,2.88659793814433
CIAP,S31,Perineurium,ME1,Inflammatory_polyneuropathy,1525,0.3872104656525985,0,14.885245901639344
CIAP,S31,Repair_damage_SC,ME1,Inflammatory_polyneuropathy,93,0.11483469520346,0,3.225806451612903
CIAP,S31,T_NK,ME1,Inflammatory_polyneuropathy,47,0.0899111835351769,0,4.25531914893617
CIAP,S32,Adipo,CDH4,CIDP,35,0,0,0
CIAP,S32,BNB_EC,CDH4,CIDP,383,0.0035922149903411,0,0.2610966057441253
CIAP,S32,B_cell,CDH4,CIDP,3,0,0,0
CIAP,S32,Endoneurial_stroma,CDH4,CIDP,1161,0.0320888684247619,0,1.119724375538329
CIAP,S32,Epineurial_stroma,CDH4,CIDP,1978,0.0913646363742,0,3.5389282103134483
CIAP,S32,Macrophage,CDH4,CIDP,311,0.015468257739171,0,0.3215434083601286
CIAP,S32,Mast,CDH4,CIDP,66,0,0,0
CIAP,S32,Myelinating_SC,CDH4,CIDP,351,0.0572006965423768,0,2.2792022792022792
CIAP,S32,Nonmyelinating_SC,CDH4,CIDP,2102,0.1038315942986308,0,3.3777354900095147
CIAP,S32,Other_EC,CDH4,CIDP,1699,0.0108575729537048,0,0.3531489111241906
CIAP,S32,Pericyte_VSMC,CDH4,CIDP,3961,0.0138113262264258,0,0.5049229992426155
CIAP,S32,Perineurium,CDH4,CIDP,3467,0.0137320369968315,0,0.5768676088837612
CIAP,S32,Repair_damage_SC,CDH4,CIDP,165,0.2039395986769853,0,5.454545454545454
CIAP,S32,T_NK,CDH4,CIDP,66,0.0680187333175823,0,1.5151515151515151
CIAP,S32,Adipo,DIRAS1,CIDP,35,0,0,0
CIAP,S32,BNB_EC,DIRAS1,CIDP,383,0,0,0
CIAP,S32,B_cell,DIRAS1,CIDP,3,0.9860012835431612,0,33.33333333333333
CIAP,S32,Endoneurial_stroma,DIRAS1,CIDP,1161,0,0,0
CIAP,S32,Epineurial_stroma,DIRAS1,CIDP,1978,0,0,0
CIAP,S32,Macrophage,DIRAS1,CIDP,311,0,0,0
CIAP,S32,Mast,DIRAS1,CIDP,66,0,0,0
CIAP,S32,Myelinating_SC,DIRAS1,CIDP,351,0,0,0
CIAP,S32,Nonmyelinating_SC,DIRAS1,CIDP,2102,0.000513770999135,0,0.0475737392959086
CIAP,S32,Other_EC,DIRAS1,CIDP,1699,0.0014504663161036,0,0.0588581518540317
CIAP,S32,Pericyte_VSMC,DIRAS1,CIDP,3961,0,0,0
CIAP,S32,Perineurium,DIRAS1,CIDP,3467,0,0,0
CIAP,S32,Repair_damage_SC,DIRAS1,CIDP,165,0,0,0
CIAP,S32,T_NK,DIRAS1,CIDP,66,0,0,0
CIAP,S32,Adipo,GNG7,CIDP,35,0.1216785256411365,0,5.714285714285714
CIAP,S32,BNB_EC,GNG7,CIDP,383,0.218244383059395,0,8.093994778067886
CIAP,S32,B_cell,GNG7,CIDP,3,0,0,0
CIAP,S32,Endoneurial_stroma,GNG7,CIDP,1161,0.0204536331182652,0,0.7751937984496124
CIAP,S32,Epineurial_stroma,GNG7,CIDP,1978,0.0763038049308065,0,3.0333670374115265
CIAP,S32,Macrophage,GNG7,CIDP,311,0.5250666500747648,0,16.720257234726688
CIAP,S32,Mast,GNG7,CIDP,66,0.2051684146646438,0,6.0606060606060606
CIAP,S32,Myelinating_SC,GNG7,CIDP,351,0.0543821255251883,0,2.564102564102564
CIAP,S32,Nonmyelinating_SC,GNG7,CIDP,2102,0.0582211489271752,0,2.235965746907707
CIAP,S32,Other_EC,GNG7,CIDP,1699,0.1233520893634597,0,4.590935844614479
CIAP,S32,Pericyte_VSMC,GNG7,CIDP,3961,0.0665643940961783,0,2.27215349659177
CIAP,S32,Perineurium,GNG7,CIDP,3467,0.111736047999874,0,4.61494087107009
CIAP,S32,Repair_damage_SC,GNG7,CIDP,165,0.0821156134439257,0,3.0303030303030303
CIAP,S32,T_NK,GNG7,CIDP,66,0.1036534073516064,0,3.0303030303030303
CIAP,S32,Adipo,SLC39A3,CIDP,35,0.0420420984259588,0,2.857142857142857
CIAP,S32,BNB_EC,SLC39A3,CIDP,383,0.0383901802438607,0,1.3054830287206265
CIAP,S32,B_cell,SLC39A3,CIDP,3,0,0,0
CIAP,S32,Endoneurial_stroma,SLC39A3,CIDP,1161,0.0104094652041165,0,0.4306632213608958
CIAP,S32,Epineurial_stroma,SLC39A3,CIDP,1978,0.0101235607483834,0,0.4044489383215369
CIAP,S32,Macrophage,SLC39A3,CIDP,311,0,0,0
CIAP,S32,Mast,SLC39A3,CIDP,66,0.0334617969016465,0,1.5151515151515151
CIAP,S32,Myelinating_SC,SLC39A3,CIDP,351,0.0144564885342963,0,0.5698005698005698
CIAP,S32,Nonmyelinating_SC,SLC39A3,CIDP,2102,0.0120787909121589,0,0.570884871550904
CIAP,S32,Other_EC,SLC39A3,CIDP,1699,0.0312087777838188,0,1.2360211889346673
CIAP,S32,Pericyte_VSMC,SLC39A3,CIDP,3961,0.0200682049607436,0,0.7826306488260539
CIAP,S32,Perineurium,SLC39A3,CIDP,3467,0.0077645147628178,0,0.3749639457744447
CIAP,S32,Repair_damage_SC,SLC39A3,CIDP,165,0.015451597967981,0,0.6060606060606061
CIAP,S32,T_NK,SLC39A3,CIDP,66,0.0462573402413897,0,1.5151515151515151
CIAP,S32,Adipo,DGKQ,Inflammatory_polyneuropathy,35,0.0884792417009183,0,5.714285714285714
CIAP,S32,BNB_EC,DGKQ,Inflammatory_polyneuropathy,383,0.0388659006267482,0,1.5665796344647518
CIAP,S32,B_cell,DGKQ,Inflammatory_polyneuropathy,3,0,0,0
CIAP,S32,Endoneurial_stroma,DGKQ,Inflammatory_polyneuropathy,1161,0.0495232940702812,0,1.9810508182601203
CIAP,S32,Epineurial_stroma,DGKQ,Inflammatory_polyneuropathy,1978,0.0365136058008358,0,1.4661274014155714
CIAP,S32,Macrophage,DGKQ,Inflammatory_polyneuropathy,311,0.0589145188626679,0,2.2508038585209005
CIAP,S32,Mast,DGKQ,Inflammatory_polyneuropathy,66,0,0,0
CIAP,S32,Myelinating_SC,DGKQ,Inflammatory_polyneuropathy,351,0.0366944420830255,0,1.4245014245014245
CIAP,S32,Nonmyelinating_SC,DGKQ,Inflammatory_polyneuropathy,2102,0.0207815429888483,0,0.8087535680304472
CIAP,S32,Other_EC,DGKQ,Inflammatory_polyneuropathy,1699,0.0427299753690969,0,1.824602707474985
CIAP,S32,Pericyte_VSMC,DGKQ,Inflammatory_polyneuropathy,3961,0.0282683392329078,0,1.035092148447362
CIAP,S32,Perineurium,DGKQ,Inflammatory_polyneuropathy,3467,0.0234644936361365,0,1.0672050764349583
CIAP,S32,Repair_damage_SC,DGKQ,Inflammatory_polyneuropathy,165,0,0,0
CIAP,S32,T_NK,DGKQ,Inflammatory_polyneuropathy,66,0.2309612052909199,0,7.575757575757576
CIAP,S32,Adipo,GLDC,Inflammatory_polyneuropathy,35,0,0,0
CIAP,S32,BNB_EC,GLDC,Inflammatory_polyneuropathy,383,0.0078020787984153,0,0.2610966057441253
CIAP,S32,B_cell,GLDC,Inflammatory_polyneuropathy,3,0,0,0
CIAP,S32,Endoneurial_stroma,GLDC,Inflammatory_polyneuropathy,1161,0.0010558225850766,0,0.0861326442721791
CIAP,S32,Epineurial_stroma,GLDC,Inflammatory_polyneuropathy,1978,0.0137054201514278,0,0.5055611729019212
CIAP,S32,Macrophage,GLDC,Inflammatory_polyneuropathy,311,0,0,0
CIAP,S32,Mast,GLDC,Inflammatory_polyneuropathy,66,0,0,0
CIAP,S32,Myelinating_SC,GLDC,Inflammatory_polyneuropathy,351,1.021454143802543,0,35.8974358974359
CIAP,S32,Nonmyelinating_SC,GLDC,Inflammatory_polyneuropathy,2102,0.0127704832578178,0,0.5233111322549953
CIAP,S32,Other_EC,GLDC,Inflammatory_polyneuropathy,1699,0.0059303658204375,0,0.2354326074161271
CIAP,S32,Pericyte_VSMC,GLDC,Inflammatory_polyneuropathy,3961,0.0062421596833097,0,0.2019691996970462
CIAP,S32,Perineurium,GLDC,Inflammatory_polyneuropathy,3467,0,0,0
CIAP,S32,Repair_damage_SC,GLDC,Inflammatory_polyneuropathy,165,0.0785936799039214,0,3.0303030303030303
CIAP,S32,T_NK,GLDC,Inflammatory_polyneuropathy,66,0.0592893910477142,0,1.5151515151515151
CIAP,S32,Adipo,IDUA,Inflammatory_polyneuropathy,35,0.2447680368032994,0,11.428571428571429
CIAP,S32,BNB_EC,IDUA,Inflammatory_polyneuropathy,383,0.0941587007720888,0,3.3942558746736298
CIAP,S32,B_cell,IDUA,Inflammatory_polyneuropathy,3,0,0,0
CIAP,S32,Endoneurial_stroma,IDUA,Inflammatory_polyneuropathy,1161,0.0501095395350931,0,2.0671834625323
CIAP,S32,Epineurial_stroma,IDUA,Inflammatory_polyneuropathy,1978,0.0408871079885755,0,1.7189079878665317
CIAP,S32,Macrophage,IDUA,Inflammatory_polyneuropathy,311,0.063375619857601,0,2.2508038585209005
CIAP,S32,Mast,IDUA,Inflammatory_polyneuropathy,66,0.0280293520142403,0,1.5151515151515151
CIAP,S32,Myelinating_SC,IDUA,Inflammatory_polyneuropathy,351,0.0591116480989151,0,2.2792022792022792
CIAP,S32,Nonmyelinating_SC,IDUA,Inflammatory_polyneuropathy,2102,0.0486846025330919,0,1.998097050428164
CIAP,S32,Other_EC,IDUA,Inflammatory_polyneuropathy,1699,0.0585675439379014,0,2.118893466745144
CIAP,S32,Pericyte_VSMC,IDUA,Inflammatory_polyneuropathy,3961,0.0316464575094921,0,1.110830598333754
CIAP,S32,Perineurium,IDUA,Inflammatory_polyneuropathy,3467,0.0206252053422577,0,1.009518315546582
CIAP,S32,Repair_damage_SC,IDUA,Inflammatory_polyneuropathy,165,0.0312156140203704,0,1.2121212121212122
CIAP,S32,T_NK,IDUA,Inflammatory_polyneuropathy,66,0.0416886655767619,0,1.5151515151515151
CIAP,S32,Adipo,SLAMF9,Inflammatory_polyneuropathy,35,0,0,0
CIAP,S32,BNB_EC,SLAMF9,Inflammatory_polyneuropathy,383,0,0,0
CIAP,S32,B_cell,SLAMF9,Inflammatory_polyneuropathy,3,0,0,0
CIAP,S32,Endoneurial_stroma,SLAMF9,Inflammatory_polyneuropathy,1161,0,0,0
CIAP,S32,Epineurial_stroma,SLAMF9,Inflammatory_polyneuropathy,1978,0,0,0
CIAP,S32,Macrophage,SLAMF9,Inflammatory_polyneuropathy,311,0,0,0
CIAP,S32,Mast,SLAMF9,Inflammatory_polyneuropathy,66,0,0,0
CIAP,S32,Myelinating_SC,SLAMF9,Inflammatory_polyneuropathy,351,0,0,0
CIAP,S32,Nonmyelinating_SC,SLAMF9,Inflammatory_polyneuropathy,2102,0,0,0
CIAP,S32,Other_EC,SLAMF9,Inflammatory_polyneuropathy,1699,0,0,0
CIAP,S32,Pericyte_VSMC,SLAMF9,Inflammatory_polyneuropathy,3961,0.0017108086809901,0,0.0504922999242615
CIAP,S32,Perineurium,SLAMF9,Inflammatory_polyneuropathy,3467,0,0,0
CIAP,S32,Repair_damage_SC,SLAMF9,Inflammatory_polyneuropathy,165,0,0,0
CIAP,S32,T_NK,SLAMF9,Inflammatory_polyneuropathy,66,0,0,0
CIAP,S32,Adipo,TMEM175,Inflammatory_polyneuropathy,35,0.1411767869774556,0,8.571428571428571
CIAP,S32,BNB_EC,TMEM175,Inflammatory_polyneuropathy,383,0.0905482461659173,0,3.3942558746736298
CIAP,S32,B_cell,TMEM175,Inflammatory_polyneuropathy,3,0,0,0
CIAP,S32,Endoneurial_stroma,TMEM175,Inflammatory_polyneuropathy,1161,0.1344406599502322,0,5.167958656330749
CIAP,S32,Epineurial_stroma,TMEM175,Inflammatory_polyneuropathy,1978,0.1236200273366612,0,4.954499494438827
CIAP,S32,Macrophage,TMEM175,Inflammatory_polyneuropathy,311,0.1774825187176938,0,6.109324758842444
CIAP,S32,Mast,TMEM175,Inflammatory_polyneuropathy,66,0.0814456166425942,0,3.0303030303030303
CIAP,S32,Myelinating_SC,TMEM175,Inflammatory_polyneuropathy,351,0.1956373110095227,0,8.262108262108262
CIAP,S32,Nonmyelinating_SC,TMEM175,Inflammatory_polyneuropathy,2102,0.0625619796545424,0,2.6165556612749765
CIAP,S32,Other_EC,TMEM175,Inflammatory_polyneuropathy,1699,0.0821281840952845,0,3.354914655679812
CIAP,S32,Pericyte_VSMC,TMEM175,Inflammatory_polyneuropathy,3961,0.1049098893115116,0,3.736430194395355
CIAP,S32,Perineurium,TMEM175,Inflammatory_polyneuropathy,3467,0.1045470444816919,0,4.268820305739833
CIAP,S32,Repair_damage_SC,TMEM175,Inflammatory_polyneuropathy,165,0.050831506342369,0,1.818181818181818
CIAP,S32,T_NK,TMEM175,Inflammatory_polyneuropathy,66,0.1692262287874662,0,6.0606060606060606
CIAP,S32,Adipo,DCTN1,Inflammatory_polyneuropathy,35,0.1756780342911027,0,11.428571428571429
CIAP,S32,BNB_EC,DCTN1,Inflammatory_polyneuropathy,383,0.1476279086182014,0,5.7441253263707575
CIAP,S32,B_cell,DCTN1,Inflammatory_polyneuropathy,3,0,0,0
CIAP,S32,Endoneurial_stroma,DCTN1,Inflammatory_polyneuropathy,1161,0.0987895129988893,0,4.220499569336779
CIAP,S32,Epineurial_stroma,DCTN1,Inflammatory_polyneuropathy,1978,0.1173149624642829,0,5.308392315470172
CIAP,S32,Macrophage,DCTN1,Inflammatory_polyneuropathy,311,0.1105340915018015,0,4.501607717041801
CIAP,S32,Mast,DCTN1,Inflammatory_polyneuropathy,66,0,0,0
CIAP,S32,Myelinating_SC,DCTN1,Inflammatory_polyneuropathy,351,0.123044226975937,0,5.698005698005698
CIAP,S32,Nonmyelinating_SC,DCTN1,Inflammatory_polyneuropathy,2102,0.139837781821953,0,5.6612749762131305
CIAP,S32,Other_EC,DCTN1,Inflammatory_polyneuropathy,1699,0.1426948590706424,0,5.826957033549147
CIAP,S32,Pericyte_VSMC,DCTN1,Inflammatory_polyneuropathy,3961,0.1406029644597411,0,5.503660691744509
CIAP,S32,Perineurium,DCTN1,Inflammatory_polyneuropathy,3467,0.1037153550572721,0,4.672627631958465
CIAP,S32,Repair_damage_SC,DCTN1,Inflammatory_polyneuropathy,165,0.0969248082261214,0,3.636363636363636
CIAP,S32,T_NK,DCTN1,Inflammatory_polyneuropathy,66,0,0,0
CIAP,S32,Adipo,ME1,Inflammatory_polyneuropathy,35,3.467499643909773,4.057402811430189,80
CIAP,S32,BNB_EC,ME1,Inflammatory_polyneuropathy,383,0.0316970939865942,0,1.5665796344647518
CIAP,S32,B_cell,ME1,Inflammatory_polyneuropathy,3,0,0,0
CIAP,S32,Endoneurial_stroma,ME1,Inflammatory_polyneuropathy,1161,0.5095338801842936,0,18.34625322997416
CIAP,S32,Epineurial_stroma,ME1,Inflammatory_polyneuropathy,1978,0.5106163404642009,0,18.806875631951467
CIAP,S32,Macrophage,ME1,Inflammatory_polyneuropathy,311,0.6313282159975658,0,20.90032154340836
CIAP,S32,Mast,ME1,Inflammatory_polyneuropathy,66,0.0589762332253859,0,1.5151515151515151
CIAP,S32,Myelinating_SC,ME1,Inflammatory_polyneuropathy,351,0.2221513714787892,0,10.256410256410255
CIAP,S32,Nonmyelinating_SC,ME1,Inflammatory_polyneuropathy,2102,0.0105152731442958,0,0.570884871550904
CIAP,S32,Other_EC,ME1,Inflammatory_polyneuropathy,1699,0.0112499049244454,0,0.4120070629782225
CIAP,S32,Pericyte_VSMC,ME1,Inflammatory_polyneuropathy,3961,0.1780228704869765,0,5.907599091138602
CIAP,S32,Perineurium,ME1,Inflammatory_polyneuropathy,3467,0.4299856201622462,0,15.31583501586386
CIAP,S32,Repair_damage_SC,ME1,Inflammatory_polyneuropathy,165,0.0594120865692175,0,2.4242424242424243
CIAP,S32,T_NK,ME1,Inflammatory_polyneuropathy,66,0.0376737913743974,0,1.5151515151515151
CIAP,S33,Adipo,CDH4,CIDP,197,0.0054410163438288,0,0.5076142131979695
CIAP,S33,BNB_EC,CDH4,CIDP,92,0,0,0
CIAP,S33,B_cell,CDH4,CIDP,4,0,0,0
CIAP,S33,Endoneurial_stroma,CDH4,CIDP,812,0.1165600740323807,0,4.556650246305419
CIAP,S33,Epineurial_stroma,CDH4,CIDP,1005,0.2679484447786102,0,10.746268656716415
CIAP,S33,Macrophage,CDH4,CIDP,457,0,0,0
CIAP,S33,Mast,CDH4,CIDP,77,0,0,0
CIAP,S33,Myelinating_SC,CDH4,CIDP,197,0.1494184065937987,0,7.614213197969544
CIAP,S33,Nonmyelinating_SC,CDH4,CIDP,786,0.2452791249181438,0,7.633587786259542
CIAP,S33,Other_EC,CDH4,CIDP,439,0.009719019983836,0,0.2277904328018223
CIAP,S33,Pericyte_VSMC,CDH4,CIDP,515,0.0091411553301582,0,0.3883495145631068
CIAP,S33,Perineurium,CDH4,CIDP,3064,0.0219664417208913,0,0.9138381201044388
CIAP,S33,Repair_damage_SC,CDH4,CIDP,52,0.3768182250716136,0,11.538461538461538
CIAP,S33,T_NK,CDH4,CIDP,33,0,0,0
CIAP,S33,Adipo,DIRAS1,CIDP,197,0,0,0
CIAP,S33,BNB_EC,DIRAS1,CIDP,92,0,0,0
CIAP,S33,B_cell,DIRAS1,CIDP,4,0,0,0
CIAP,S33,Endoneurial_stroma,DIRAS1,CIDP,812,0,0,0
CIAP,S33,Epineurial_stroma,DIRAS1,CIDP,1005,0,0,0
CIAP,S33,Macrophage,DIRAS1,CIDP,457,0,0,0
CIAP,S33,Mast,DIRAS1,CIDP,77,0,0,0
CIAP,S33,Myelinating_SC,DIRAS1,CIDP,197,0,0,0
CIAP,S33,Nonmyelinating_SC,DIRAS1,CIDP,786,0,0,0
CIAP,S33,Other_EC,DIRAS1,CIDP,439,0,0,0
CIAP,S33,Pericyte_VSMC,DIRAS1,CIDP,515,0,0,0
CIAP,S33,Perineurium,DIRAS1,CIDP,3064,0.0009626388751693,0,0.0326370757180156
CIAP,S33,Repair_damage_SC,DIRAS1,CIDP,52,0.0624068368555591,0,1.9230769230769231
CIAP,S33,T_NK,DIRAS1,CIDP,33,0,0,0
CIAP,S33,Adipo,GNG7,CIDP,197,0.1213724280641163,0,7.614213197969544
CIAP,S33,BNB_EC,GNG7,CIDP,92,0.0910902838657826,0,4.3478260869565215
CIAP,S33,B_cell,GNG7,CIDP,4,2.192564498796832,2.841238433958064,75
CIAP,S33,Endoneurial_stroma,GNG7,CIDP,812,0.0096643388717147,0,0.4926108374384236
CIAP,S33,Epineurial_stroma,GNG7,CIDP,1005,0.0222161883229827,0,1.2935323383084576
CIAP,S33,Macrophage,GNG7,CIDP,457,0.3077424500908162,0,11.597374179431071
CIAP,S33,Mast,GNG7,CIDP,77,0.0720716527091769,0,2.5974025974025974
CIAP,S33,Myelinating_SC,GNG7,CIDP,197,0.1231627131488774,0,5.583756345177665
CIAP,S33,Nonmyelinating_SC,GNG7,CIDP,786,0.0707054015726264,0,2.6717557251908395
CIAP,S33,Other_EC,GNG7,CIDP,439,0.1008605475675357,0,4.555808656036446
CIAP,S33,Pericyte_VSMC,GNG7,CIDP,515,0.080095587880302,0,3.300970873786408
CIAP,S33,Perineurium,GNG7,CIDP,3064,0.0791153082213478,0,3.296344647519582
CIAP,S33,Repair_damage_SC,GNG7,CIDP,52,0.101952779346291,0,5.769230769230769
CIAP,S33,T_NK,GNG7,CIDP,33,0.37278925448528,0,9.090909090909092
CIAP,S33,Adipo,SLC39A3,CIDP,197,0,0,0
CIAP,S33,BNB_EC,SLC39A3,CIDP,92,0.0487095812526531,0,2.1739130434782608
CIAP,S33,B_cell,SLC39A3,CIDP,4,0,0,0
CIAP,S33,Endoneurial_stroma,SLC39A3,CIDP,812,0.0024200948846105,0,0.1231527093596059
CIAP,S33,Epineurial_stroma,SLC39A3,CIDP,1005,0.0377478882660272,0,1.890547263681592
CIAP,S33,Macrophage,SLC39A3,CIDP,457,0.0034838404747838,0,0.2188183807439825
CIAP,S33,Mast,SLC39A3,CIDP,77,0,0,0
CIAP,S33,Myelinating_SC,SLC39A3,CIDP,197,0,0,0
CIAP,S33,Nonmyelinating_SC,SLC39A3,CIDP,786,0.0114325067431557,0,0.5089058524173028
CIAP,S33,Other_EC,SLC39A3,CIDP,439,0.0557551420646705,0,2.5056947608200453
CIAP,S33,Pericyte_VSMC,SLC39A3,CIDP,515,0.0148188533496763,0,0.7766990291262136
CIAP,S33,Perineurium,SLC39A3,CIDP,3064,0.0128214697832411,0,0.5874673629242819
CIAP,S33,Repair_damage_SC,SLC39A3,CIDP,52,0,0,0
CIAP,S33,T_NK,SLC39A3,CIDP,33,0,0,0
CIAP,S33,Adipo,DGKQ,Inflammatory_polyneuropathy,197,0.0860695527609262,0,6.091370558375635
CIAP,S33,BNB_EC,DGKQ,Inflammatory_polyneuropathy,92,0.0481367986950514,0,2.1739130434782608
CIAP,S33,B_cell,DGKQ,Inflammatory_polyneuropathy,4,0,0,0
CIAP,S33,Endoneurial_stroma,DGKQ,Inflammatory_polyneuropathy,812,0.0537314726778783,0,2.2167487684729066
CIAP,S33,Epineurial_stroma,DGKQ,Inflammatory_polyneuropathy,1005,0.0212948389842572,0,1.0945273631840795
CIAP,S33,Macrophage,DGKQ,Inflammatory_polyneuropathy,457,0.0404562396204588,0,1.312910284463895
CIAP,S33,Mast,DGKQ,Inflammatory_polyneuropathy,77,0.0359173142026031,0,1.2987012987012987
CIAP,S33,Myelinating_SC,DGKQ,Inflammatory_polyneuropathy,197,0.0368186808903632,0,1.5228426395939088
CIAP,S33,Nonmyelinating_SC,DGKQ,Inflammatory_polyneuropathy,786,0.0246028738224472,0,0.8905852417302799
CIAP,S33,Other_EC,DGKQ,Inflammatory_polyneuropathy,439,0.0626015737611179,0,3.416856492027335
CIAP,S33,Pericyte_VSMC,DGKQ,Inflammatory_polyneuropathy,515,0.0297099285595591,0,1.5533980582524272
CIAP,S33,Perineurium,DGKQ,Inflammatory_polyneuropathy,3064,0.0216343945041026,0,0.9138381201044388
CIAP,S33,Repair_damage_SC,DGKQ,Inflammatory_polyneuropathy,52,0,0,0
CIAP,S33,T_NK,DGKQ,Inflammatory_polyneuropathy,33,0,0,0
CIAP,S33,Adipo,GLDC,Inflammatory_polyneuropathy,197,0,0,0
CIAP,S33,BNB_EC,GLDC,Inflammatory_polyneuropathy,92,0.0641803038509718,0,3.260869565217391
CIAP,S33,B_cell,GLDC,Inflammatory_polyneuropathy,4,0,0,0
CIAP,S33,Endoneurial_stroma,GLDC,Inflammatory_polyneuropathy,812,0,0,0
CIAP,S33,Epineurial_stroma,GLDC,Inflammatory_polyneuropathy,1005,0.0116671816175397,0,0.5970149253731344
CIAP,S33,Macrophage,GLDC,Inflammatory_polyneuropathy,457,0,0,0
CIAP,S33,Mast,GLDC,Inflammatory_polyneuropathy,77,0,0,0
CIAP,S33,Myelinating_SC,GLDC,Inflammatory_polyneuropathy,197,1.9384394580510824,2.208069214423777,60.40609137055838
CIAP,S33,Nonmyelinating_SC,GLDC,Inflammatory_polyneuropathy,786,0.0030518599994478,0,0.1272264631043257
CIAP,S33,Other_EC,GLDC,Inflammatory_polyneuropathy,439,0.0436927484232741,0,2.050113895216401
CIAP,S33,Pericyte_VSMC,GLDC,Inflammatory_polyneuropathy,515,0.0090258165815832,0,0.1941747572815534
CIAP,S33,Perineurium,GLDC,Inflammatory_polyneuropathy,3064,0.0031484570358307,0,0.1631853785900783
CIAP,S33,Repair_damage_SC,GLDC,Inflammatory_polyneuropathy,52,0.1540694692854335,0,7.6923076923076925
CIAP,S33,T_NK,GLDC,Inflammatory_polyneuropathy,33,0.1289160574231789,0,3.0303030303030303
CIAP,S33,Adipo,IDUA,Inflammatory_polyneuropathy,197,0.1006111501454478,0,7.614213197969544
CIAP,S33,BNB_EC,IDUA,Inflammatory_polyneuropathy,92,0.0448908743528939,0,2.1739130434782608
CIAP,S33,B_cell,IDUA,Inflammatory_polyneuropathy,4,0,0,0
CIAP,S33,Endoneurial_stroma,IDUA,Inflammatory_polyneuropathy,812,0.076675308581798,0,2.955665024630542
CIAP,S33,Epineurial_stroma,IDUA,Inflammatory_polyneuropathy,1005,0.0859329928916216,0,3.681592039800995
CIAP,S33,Macrophage,IDUA,Inflammatory_polyneuropathy,457,0.077940757250534,0,2.844638949671773
CIAP,S33,Mast,IDUA,Inflammatory_polyneuropathy,77,0.0409299327043574,0,1.2987012987012987
CIAP,S33,Myelinating_SC,IDUA,Inflammatory_polyneuropathy,197,0.111131769845161,0,5.076142131979696
CIAP,S33,Nonmyelinating_SC,IDUA,Inflammatory_polyneuropathy,786,0.0381800578552432,0,1.5267175572519085
CIAP,S33,Other_EC,IDUA,Inflammatory_polyneuropathy,439,0.0417485776052844,0,2.050113895216401
CIAP,S33,Pericyte_VSMC,IDUA,Inflammatory_polyneuropathy,515,0.0403532962313136,0,1.7475728155339807
CIAP,S33,Perineurium,IDUA,Inflammatory_polyneuropathy,3064,0.0367015315794659,0,1.5992167101827677
CIAP,S33,Repair_damage_SC,IDUA,Inflammatory_polyneuropathy,52,0.0308283994462122,0,1.9230769230769231
CIAP,S33,T_NK,IDUA,Inflammatory_polyneuropathy,33,0,0,0
CIAP,S33,Adipo,SLAMF9,Inflammatory_polyneuropathy,197,0,0,0
CIAP,S33,BNB_EC,SLAMF9,Inflammatory_polyneuropathy,92,0,0,0
CIAP,S33,B_cell,SLAMF9,Inflammatory_polyneuropathy,4,0,0,0
CIAP,S33,Endoneurial_stroma,SLAMF9,Inflammatory_polyneuropathy,812,0,0,0
CIAP,S33,Epineurial_stroma,SLAMF9,Inflammatory_polyneuropathy,1005,0,0,0
CIAP,S33,Macrophage,SLAMF9,Inflammatory_polyneuropathy,457,0,0,0
CIAP,S33,Mast,SLAMF9,Inflammatory_polyneuropathy,77,0,0,0
CIAP,S33,Myelinating_SC,SLAMF9,Inflammatory_polyneuropathy,197,0,0,0
CIAP,S33,Nonmyelinating_SC,SLAMF9,Inflammatory_polyneuropathy,786,0,0,0
CIAP,S33,Other_EC,SLAMF9,Inflammatory_polyneuropathy,439,0,0,0
CIAP,S33,Pericyte_VSMC,SLAMF9,Inflammatory_polyneuropathy,515,0,0,0
CIAP,S33,Perineurium,SLAMF9,Inflammatory_polyneuropathy,3064,0,0,0
CIAP,S33,Repair_damage_SC,SLAMF9,Inflammatory_polyneuropathy,52,0,0,0
CIAP,S33,T_NK,SLAMF9,Inflammatory_polyneuropathy,33,0,0,0
CIAP,S33,Adipo,TMEM175,Inflammatory_polyneuropathy,197,0.1430074146619539,0,10.152284263959393
CIAP,S33,BNB_EC,TMEM175,Inflammatory_polyneuropathy,92,0.093010247442142,0,4.3478260869565215
CIAP,S33,B_cell,TMEM175,Inflammatory_polyneuropathy,4,0,0,0
CIAP,S33,Endoneurial_stroma,TMEM175,Inflammatory_polyneuropathy,812,0.1604877263002452,0,6.403940886699508
CIAP,S33,Epineurial_stroma,TMEM175,Inflammatory_polyneuropathy,1005,0.1625303988968446,0,7.263681592039801
CIAP,S33,Macrophage,TMEM175,Inflammatory_polyneuropathy,457,0.1449393605307644,0,5.25164113785558
CIAP,S33,Mast,TMEM175,Inflammatory_polyneuropathy,77,0.0228552264981974,0,1.2987012987012987
CIAP,S33,Myelinating_SC,TMEM175,Inflammatory_polyneuropathy,197,0.2296249550693723,0,10.152284263959393
CIAP,S33,Nonmyelinating_SC,TMEM175,Inflammatory_polyneuropathy,786,0.0580395746927096,0,2.162849872773537
CIAP,S33,Other_EC,TMEM175,Inflammatory_polyneuropathy,439,0.1226274155802845,0,5.694760820045558
CIAP,S33,Pericyte_VSMC,TMEM175,Inflammatory_polyneuropathy,515,0.0969368937934776,0,3.883495145631068
CIAP,S33,Perineurium,TMEM175,Inflammatory_polyneuropathy,3064,0.0981376806009333,0,4.210182767624021
CIAP,S33,Repair_damage_SC,TMEM175,Inflammatory_polyneuropathy,52,0.1967852766292238,0,9.615384615384617
CIAP,S33,T_NK,TMEM175,Inflammatory_polyneuropathy,33,0.0632991084127031,0,3.0303030303030303
CIAP,S33,Adipo,DCTN1,Inflammatory_polyneuropathy,197,0.0370477325285672,0,3.5532994923857872
CIAP,S33,BNB_EC,DCTN1,Inflammatory_polyneuropathy,92,0.044482443292799,0,2.1739130434782608
CIAP,S33,B_cell,DCTN1,Inflammatory_polyneuropathy,4,0,0,0
CIAP,S33,Endoneurial_stroma,DCTN1,Inflammatory_polyneuropathy,812,0.1398676338796314,0,5.41871921182266
CIAP,S33,Epineurial_stroma,DCTN1,Inflammatory_polyneuropathy,1005,0.1586396933514088,0,7.36318407960199
CIAP,S33,Macrophage,DCTN1,Inflammatory_polyneuropathy,457,0.0612831431340127,0,3.063457330415755
CIAP,S33,Mast,DCTN1,Inflammatory_polyneuropathy,77,0,0,0
CIAP,S33,Myelinating_SC,DCTN1,Inflammatory_polyneuropathy,197,0.0558361791701077,0,4.060913705583756
CIAP,S33,Nonmyelinating_SC,DCTN1,Inflammatory_polyneuropathy,786,0.1447941151355484,0,5.216284987277354
CIAP,S33,Other_EC,DCTN1,Inflammatory_polyneuropathy,439,0.1141237535024566,0,5.922551252847381
CIAP,S33,Pericyte_VSMC,DCTN1,Inflammatory_polyneuropathy,515,0.1042681742716073,0,4.854368932038835
CIAP,S33,Perineurium,DCTN1,Inflammatory_polyneuropathy,3064,0.1361915633624645,0,5.842036553524804
CIAP,S33,Repair_damage_SC,DCTN1,Inflammatory_polyneuropathy,52,0.1327959674674562,0,5.769230769230769
CIAP,S33,T_NK,DCTN1,Inflammatory_polyneuropathy,33,0.081051312486161,0,3.0303030303030303
CIAP,S33,Adipo,ME1,Inflammatory_polyneuropathy,197,2.0298695441268566,2.197892920950093,78.68020304568529
CIAP,S33,BNB_EC,ME1,Inflammatory_polyneuropathy,92,0,0,0
CIAP,S33,B_cell,ME1,Inflammatory_polyneuropathy,4,0,0,0
CIAP,S33,Endoneurial_stroma,ME1,Inflammatory_polyneuropathy,812,0.5185279684748085,0,19.458128078817737
CIAP,S33,Epineurial_stroma,ME1,Inflammatory_polyneuropathy,1005,0.4563975816718691,0,18.606965174129357
CIAP,S33,Macrophage,ME1,Inflammatory_polyneuropathy,457,1.7566920580024463,0,44.201312910284464
CIAP,S33,Mast,ME1,Inflammatory_polyneuropathy,77,0.0298528248223832,0,1.2987012987012987
CIAP,S33,Myelinating_SC,ME1,Inflammatory_polyneuropathy,197,0.7673766913759552,0,27.411167512690355
CIAP,S33,Nonmyelinating_SC,ME1,Inflammatory_polyneuropathy,786,0.0094976994803232,0,0.5089058524173028
CIAP,S33,Other_EC,ME1,Inflammatory_polyneuropathy,439,0.0124854520750877,0,0.4555808656036446
CIAP,S33,Pericyte_VSMC,ME1,Inflammatory_polyneuropathy,515,0.1262849956733791,0,5.631067961165048
CIAP,S33,Perineurium,ME1,Inflammatory_polyneuropathy,3064,0.3465471340629095,0,13.609660574412532
CIAP,S33,Repair_damage_SC,ME1,Inflammatory_polyneuropathy,52,0.1066034030373786,0,5.769230769230769
CIAP,S33,T_NK,ME1,Inflammatory_polyneuropathy,33,0,0,0
CIAP,S34,Adipo,CDH4,CIDP,14,0,0,0
CIAP,S34,BNB_EC,CDH4,CIDP,27,0,0,0
CIAP,S34,B_cell,CDH4,CIDP,2,0,0,0
CIAP,S34,Endoneurial_stroma,CDH4,CIDP,109,0.0882567634775336,0,3.669724770642202
CIAP,S34,Epineurial_stroma,CDH4,CIDP,1450,0.0338150702113652,0,1.5862068965517242
CIAP,S34,Macrophage,CDH4,CIDP,266,0.0097909020847684,0,0.3759398496240601
CIAP,S34,Mast,CDH4,CIDP,19,0.2499944985694586,0,5.263157894736842
CIAP,S34,Myelinating_SC,CDH4,CIDP,31,0.1513961342159644,0,6.451612903225806
CIAP,S34,Nonmyelinating_SC,CDH4,CIDP,109,0.1749131882581864,0,5.504587155963304
CIAP,S34,Other_EC,CDH4,CIDP,1168,0.00194240989977,0,0.1712328767123287
CIAP,S34,Pericyte_VSMC,CDH4,CIDP,3054,0.0019173742794852,0,0.1309757694826457
CIAP,S34,Perineurium,CDH4,CIDP,458,0.0211263716356508,0,1.0917030567685588
CIAP,S34,Repair_damage_SC,CDH4,CIDP,4,1.7044160818253191,1.685638528244351,50
CIAP,S34,T_NK,CDH4,CIDP,121,0,0,0
CIAP,S34,Adipo,DIRAS1,CIDP,14,0,0,0
CIAP,S34,BNB_EC,DIRAS1,CIDP,27,0,0,0
CIAP,S34,B_cell,DIRAS1,CIDP,2,0,0,0
CIAP,S34,Endoneurial_stroma,DIRAS1,CIDP,109,0,0,0
CIAP,S34,Epineurial_stroma,DIRAS1,CIDP,1450,0.0019535605447685,0,0.1379310344827586
CIAP,S34,Macrophage,DIRAS1,CIDP,266,0,0,0
CIAP,S34,Mast,DIRAS1,CIDP,19,0,0,0
CIAP,S34,Myelinating_SC,DIRAS1,CIDP,31,0,0,0
CIAP,S34,Nonmyelinating_SC,DIRAS1,CIDP,109,0,0,0
CIAP,S34,Other_EC,DIRAS1,CIDP,1168,0,0,0
CIAP,S34,Pericyte_VSMC,DIRAS1,CIDP,3054,0.0013257035946029,0,0.0982318271119842
CIAP,S34,Perineurium,DIRAS1,CIDP,458,0,0,0
CIAP,S34,Repair_damage_SC,DIRAS1,CIDP,4,0,0,0
CIAP,S34,T_NK,DIRAS1,CIDP,121,0,0,0
CIAP,S34,Adipo,GNG7,CIDP,14,0,0,0
CIAP,S34,BNB_EC,GNG7,CIDP,27,0.2845381584434043,0,11.11111111111111
CIAP,S34,B_cell,GNG7,CIDP,2,0,0,0
CIAP,S34,Endoneurial_stroma,GNG7,CIDP,109,0,0,0
CIAP,S34,Epineurial_stroma,GNG7,CIDP,1450,0.0056326466291428,0,0.4137931034482758
CIAP,S34,Macrophage,GNG7,CIDP,266,0.1825391650566808,0,7.894736842105263
CIAP,S34,Mast,GNG7,CIDP,19,0.1621639860254977,0,5.263157894736842
CIAP,S34,Myelinating_SC,GNG7,CIDP,31,0,0,0
CIAP,S34,Nonmyelinating_SC,GNG7,CIDP,109,0.1038327053435103,0,3.669724770642202
CIAP,S34,Other_EC,GNG7,CIDP,1168,0.1512072623156081,0,8.133561643835616
CIAP,S34,Pericyte_VSMC,GNG7,CIDP,3054,0.032707452950576,0,1.9646365422396856
CIAP,S34,Perineurium,GNG7,CIDP,458,0.0918336150413566,0,3.711790393013101
CIAP,S34,Repair_damage_SC,GNG7,CIDP,4,0,0,0
CIAP,S34,T_NK,GNG7,CIDP,121,0.0531323627577749,0,1.6528925619834711
CIAP,S34,Adipo,SLC39A3,CIDP,14,0,0,0
CIAP,S34,BNB_EC,SLC39A3,CIDP,27,0,0,0
CIAP,S34,B_cell,SLC39A3,CIDP,2,0,0,0
CIAP,S34,Endoneurial_stroma,SLC39A3,CIDP,109,0,0,0
CIAP,S34,Epineurial_stroma,SLC39A3,CIDP,1450,0.0004062952294592,0,0.0689655172413793
CIAP,S34,Macrophage,SLC39A3,CIDP,266,0,0,0
CIAP,S34,Mast,SLC39A3,CIDP,19,0,0,0
CIAP,S34,Myelinating_SC,SLC39A3,CIDP,31,0,0,0
CIAP,S34,Nonmyelinating_SC,SLC39A3,CIDP,109,0,0,0
CIAP,S34,Other_EC,SLC39A3,CIDP,1168,0.0345509105438225,0,2.3972602739726026
CIAP,S34,Pericyte_VSMC,SLC39A3,CIDP,3054,0.0127926787479291,0,0.7858546168958742
CIAP,S34,Perineurium,SLC39A3,CIDP,458,0.0081134604851099,0,0.4366812227074235
CIAP,S34,Repair_damage_SC,SLC39A3,CIDP,4,0,0,0
CIAP,S34,T_NK,SLC39A3,CIDP,121,0.0110156026684243,0,0.8264462809917356
CIAP,S34,Adipo,DGKQ,Inflammatory_polyneuropathy,14,0,0,0
CIAP,S34,BNB_EC,DGKQ,Inflammatory_polyneuropathy,27,0,0,0
CIAP,S34,B_cell,DGKQ,Inflammatory_polyneuropathy,2,0,0,0
CIAP,S34,Endoneurial_stroma,DGKQ,Inflammatory_polyneuropathy,109,0,0,0
CIAP,S34,Epineurial_stroma,DGKQ,Inflammatory_polyneuropathy,1450,0.0239810702585623,0,1.5862068965517242
CIAP,S34,Macrophage,DGKQ,Inflammatory_polyneuropathy,266,0.0469924998650903,0,1.8796992481203008
CIAP,S34,Mast,DGKQ,Inflammatory_polyneuropathy,19,0,0,0
CIAP,S34,Myelinating_SC,DGKQ,Inflammatory_polyneuropathy,31,0,0,0
CIAP,S34,Nonmyelinating_SC,DGKQ,Inflammatory_polyneuropathy,109,0,0,0
CIAP,S34,Other_EC,DGKQ,Inflammatory_polyneuropathy,1168,0.0544171099789468,0,4.10958904109589
CIAP,S34,Pericyte_VSMC,DGKQ,Inflammatory_polyneuropathy,3054,0.0234556262042665,0,1.5717092337917484
CIAP,S34,Perineurium,DGKQ,Inflammatory_polyneuropathy,458,0.014079315117942,0,0.8733624454148471
CIAP,S34,Repair_damage_SC,DGKQ,Inflammatory_polyneuropathy,4,0,0,0
CIAP,S34,T_NK,DGKQ,Inflammatory_polyneuropathy,121,0.1021142871546438,0,3.3057851239669422
CIAP,S34,Adipo,GLDC,Inflammatory_polyneuropathy,14,0,0,0
CIAP,S34,BNB_EC,GLDC,Inflammatory_polyneuropathy,27,0,0,0
CIAP,S34,B_cell,GLDC,Inflammatory_polyneuropathy,2,0,0,0
CIAP,S34,Endoneurial_stroma,GLDC,Inflammatory_polyneuropathy,109,0.0109510659828237,0,0.9174311926605504
CIAP,S34,Epineurial_stroma,GLDC,Inflammatory_polyneuropathy,1450,0.0039524548234904,0,0.3448275862068966
CIAP,S34,Macrophage,GLDC,Inflammatory_polyneuropathy,266,0,0,0
CIAP,S34,Mast,GLDC,Inflammatory_polyneuropathy,19,0,0,0
CIAP,S34,Myelinating_SC,GLDC,Inflammatory_polyneuropathy,31,2.357346846421484,2.819792025295827,67.74193548387096
CIAP,S34,Nonmyelinating_SC,GLDC,Inflammatory_polyneuropathy,109,0,0,0
CIAP,S34,Other_EC,GLDC,Inflammatory_polyneuropathy,1168,0.0207709390074063,0,1.1130136986301369
CIAP,S34,Pericyte_VSMC,GLDC,Inflammatory_polyneuropathy,3054,0.0029315162378011,0,0.1309757694826457
CIAP,S34,Perineurium,GLDC,Inflammatory_polyneuropathy,458,0.0136000459828214,0,0.4366812227074235
CIAP,S34,Repair_damage_SC,GLDC,Inflammatory_polyneuropathy,4,0,0,0
CIAP,S34,T_NK,GLDC,Inflammatory_polyneuropathy,121,0,0,0
CIAP,S34,Adipo,IDUA,Inflammatory_polyneuropathy,14,0.1459306422009875,0,7.142857142857142
CIAP,S34,BNB_EC,IDUA,Inflammatory_polyneuropathy,27,0,0,0
CIAP,S34,B_cell,IDUA,Inflammatory_polyneuropathy,2,0,0,0
CIAP,S34,Endoneurial_stroma,IDUA,Inflammatory_polyneuropathy,109,0.0284049213561114,0,1.834862385321101
CIAP,S34,Epineurial_stroma,IDUA,Inflammatory_polyneuropathy,1450,0.0623616608987464,0,3.1724137931034484
CIAP,S34,Macrophage,IDUA,Inflammatory_polyneuropathy,266,0,0,0
CIAP,S34,Mast,IDUA,Inflammatory_polyneuropathy,19,0,0,0
CIAP,S34,Myelinating_SC,IDUA,Inflammatory_polyneuropathy,31,0,0,0
CIAP,S34,Nonmyelinating_SC,IDUA,Inflammatory_polyneuropathy,109,0.0438778081268387,0,0.9174311926605504
CIAP,S34,Other_EC,IDUA,Inflammatory_polyneuropathy,1168,0.0412435535619896,0,3.0821917808219177
CIAP,S34,Pericyte_VSMC,IDUA,Inflammatory_polyneuropathy,3054,0.0267021148392964,0,1.8664047151277012
CIAP,S34,Perineurium,IDUA,Inflammatory_polyneuropathy,458,0.0219873792290073,0,1.0917030567685588
CIAP,S34,Repair_damage_SC,IDUA,Inflammatory_polyneuropathy,4,0,0,0
CIAP,S34,T_NK,IDUA,Inflammatory_polyneuropathy,121,0,0,0
CIAP,S34,Adipo,SLAMF9,Inflammatory_polyneuropathy,14,0,0,0
CIAP,S34,BNB_EC,SLAMF9,Inflammatory_polyneuropathy,27,0,0,0
CIAP,S34,B_cell,SLAMF9,Inflammatory_polyneuropathy,2,0,0,0
CIAP,S34,Endoneurial_stroma,SLAMF9,Inflammatory_polyneuropathy,109,0,0,0
CIAP,S34,Epineurial_stroma,SLAMF9,Inflammatory_polyneuropathy,1450,0,0,0
CIAP,S34,Macrophage,SLAMF9,Inflammatory_polyneuropathy,266,0,0,0
CIAP,S34,Mast,SLAMF9,Inflammatory_polyneuropathy,19,0,0,0
CIAP,S34,Myelinating_SC,SLAMF9,Inflammatory_polyneuropathy,31,0,0,0
CIAP,S34,Nonmyelinating_SC,SLAMF9,Inflammatory_polyneuropathy,109,0,0,0
CIAP,S34,Other_EC,SLAMF9,Inflammatory_polyneuropathy,1168,0,0,0
CIAP,S34,Pericyte_VSMC,SLAMF9,Inflammatory_polyneuropathy,3054,0,0,0
CIAP,S34,Perineurium,SLAMF9,Inflammatory_polyneuropathy,458,0,0,0
CIAP,S34,Repair_damage_SC,SLAMF9,Inflammatory_polyneuropathy,4,0,0,0
CIAP,S34,T_NK,SLAMF9,Inflammatory_polyneuropathy,121,0,0,0
CIAP,S34,Adipo,TMEM175,Inflammatory_polyneuropathy,14,0.1459306422009875,0,7.142857142857142
CIAP,S34,BNB_EC,TMEM175,Inflammatory_polyneuropathy,27,0.1702497902739584,0,7.4074074074074066
CIAP,S34,B_cell,TMEM175,Inflammatory_polyneuropathy,2,0,0,0
CIAP,S34,Endoneurial_stroma,TMEM175,Inflammatory_polyneuropathy,109,0.1900327994308147,0,9.174311926605505
CIAP,S34,Epineurial_stroma,TMEM175,Inflammatory_polyneuropathy,1450,0.1156813262590563,0,6.758620689655172
CIAP,S34,Macrophage,TMEM175,Inflammatory_polyneuropathy,266,0.1009001351394535,0,4.135338345864661
CIAP,S34,Mast,TMEM175,Inflammatory_polyneuropathy,19,0.2055549893630609,0,5.263157894736842
CIAP,S34,Myelinating_SC,TMEM175,Inflammatory_polyneuropathy,31,0.0345660274888601,0,3.225806451612903
CIAP,S34,Nonmyelinating_SC,TMEM175,Inflammatory_polyneuropathy,109,0.078340160927148,0,3.669724770642202
CIAP,S34,Other_EC,TMEM175,Inflammatory_polyneuropathy,1168,0.0822027443749433,0,5.222602739726027
CIAP,S34,Pericyte_VSMC,TMEM175,Inflammatory_polyneuropathy,3054,0.0936638002766133,0,5.631958087753765
CIAP,S34,Perineurium,TMEM175,Inflammatory_polyneuropathy,458,0.116802226814363,0,5.240174672489083
CIAP,S34,Repair_damage_SC,TMEM175,Inflammatory_polyneuropathy,4,0,0,0
CIAP,S34,T_NK,TMEM175,Inflammatory_polyneuropathy,121,0.1404055070211597,0,5.785123966942149
CIAP,S34,Adipo,DCTN1,Inflammatory_polyneuropathy,14,0,0,0
CIAP,S34,BNB_EC,DCTN1,Inflammatory_polyneuropathy,27,0.0625124045623362,0,3.7037037037037033
CIAP,S34,B_cell,DCTN1,Inflammatory_polyneuropathy,2,0,0,0
CIAP,S34,Endoneurial_stroma,DCTN1,Inflammatory_polyneuropathy,109,0.0124583898596054,0,0.9174311926605504
CIAP,S34,Epineurial_stroma,DCTN1,Inflammatory_polyneuropathy,1450,0.116964200529895,0,7.379310344827586
CIAP,S34,Macrophage,DCTN1,Inflammatory_polyneuropathy,266,0.0029662646578318,0,0.3759398496240601
CIAP,S34,Mast,DCTN1,Inflammatory_polyneuropathy,19,0,0,0
CIAP,S34,Myelinating_SC,DCTN1,Inflammatory_polyneuropathy,31,0.3066459955374668,0,12.903225806451612
CIAP,S34,Nonmyelinating_SC,DCTN1,Inflammatory_polyneuropathy,109,0.1073041451559589,0,5.504587155963304
CIAP,S34,Other_EC,DCTN1,Inflammatory_polyneuropathy,1168,0.2167635630000955,0,14.897260273972604
CIAP,S34,Pericyte_VSMC,DCTN1,Inflammatory_polyneuropathy,3054,0.1085803143728354,0,6.941715782580222
CIAP,S34,Perineurium,DCTN1,Inflammatory_polyneuropathy,458,0.0889698443521029,0,4.585152838427948
CIAP,S34,Repair_damage_SC,DCTN1,Inflammatory_polyneuropathy,4,0.4492789343881915,0,25
CIAP,S34,T_NK,DCTN1,Inflammatory_polyneuropathy,121,0.0211565343183445,0,1.6528925619834711
CIAP,S34,Adipo,ME1,Inflammatory_polyneuropathy,14,1.4085559417689617,0,42.85714285714285
CIAP,S34,BNB_EC,ME1,Inflammatory_polyneuropathy,27,0,0,0
CIAP,S34,B_cell,ME1,Inflammatory_polyneuropathy,2,0,0,0
CIAP,S34,Endoneurial_stroma,ME1,Inflammatory_polyneuropathy,109,0.7616555165100595,0,32.11009174311927
CIAP,S34,Epineurial_stroma,ME1,Inflammatory_polyneuropathy,1450,0.9753931661049912,0,38.62068965517241
CIAP,S34,Macrophage,ME1,Inflammatory_polyneuropathy,266,1.931743336223848,0,43.609022556390975
CIAP,S34,Mast,ME1,Inflammatory_polyneuropathy,19,0.1394445096396926,0,5.263157894736842
CIAP,S34,Myelinating_SC,ME1,Inflammatory_polyneuropathy,31,0.8507675855640265,0,35.483870967741936
CIAP,S34,Nonmyelinating_SC,ME1,Inflammatory_polyneuropathy,109,0.0561541585460747,0,2.752293577981652
CIAP,S34,Other_EC,ME1,Inflammatory_polyneuropathy,1168,0,0,0
CIAP,S34,Pericyte_VSMC,ME1,Inflammatory_polyneuropathy,3054,0.4181543577826666,0,22.29862475442043
CIAP,S34,Perineurium,ME1,Inflammatory_polyneuropathy,458,0.4063345913113748,0,18.12227074235808
CIAP,S34,Repair_damage_SC,ME1,Inflammatory_polyneuropathy,4,0,0,0
CIAP,S34,T_NK,ME1,Inflammatory_polyneuropathy,121,0.0177067078055186,0,0.8264462809917356
CIDP,S35,Adipo,CDH4,CIDP,47,0.0197389727570652,0,2.127659574468085
CIDP,S35,BNB_EC,CDH4,CIDP,82,0,0,0
CIDP,S35,B_cell,CDH4,CIDP,3,0,0,0
CIDP,S35,Endoneurial_stroma,CDH4,CIDP,988,0.1692852501687854,0,8.60323886639676
CIDP,S35,Epineurial_stroma,CDH4,CIDP,697,0.1256405778300941,0,6.456241032998565
CIDP,S35,Granulocyte,CDH4,CIDP,1,0,0,0
CIDP,S35,Macrophage,CDH4,CIDP,1047,0.0037630408592697,0,0.0955109837631327
CIDP,S35,Mast,CDH4,CIDP,32,0,0,0
CIDP,S35,Myelinating_SC,CDH4,CIDP,169,0.6368596041964582,0,24.85207100591716
CIDP,S35,Nonmyelinating_SC,CDH4,CIDP,784,0.6008894959751154,0,21.1734693877551
CIDP,S35,Other_EC,CDH4,CIDP,463,0.0038402083107683,0,0.2159827213822894
CIDP,S35,Pericyte_VSMC,CDH4,CIDP,678,0,0,0
CIDP,S35,Perineurium,CDH4,CIDP,1967,0.033161059966598,0,1.9318759532282663
CIDP,S35,Repair_damage_SC,CDH4,CIDP,59,0.2437588361952318,0,11.864406779661016
CIDP,S35,T_NK,CDH4,CIDP,164,0,0,0
CIDP,S35,Adipo,DIRAS1,CIDP,47,0,0,0
CIDP,S35,BNB_EC,DIRAS1,CIDP,82,0,0,0
CIDP,S35,B_cell,DIRAS1,CIDP,3,0,0,0
CIDP,S35,Endoneurial_stroma,DIRAS1,CIDP,988,0,0,0
CIDP,S35,Epineurial_stroma,DIRAS1,CIDP,697,0.0032373807505204,0,0.2869440459110474
CIDP,S35,Granulocyte,DIRAS1,CIDP,1,0,0,0
CIDP,S35,Macrophage,DIRAS1,CIDP,1047,0.0014493532449525,0,0.0955109837631327
CIDP,S35,Mast,DIRAS1,CIDP,32,0,0,0
CIDP,S35,Myelinating_SC,DIRAS1,CIDP,169,0,0,0
CIDP,S35,Nonmyelinating_SC,DIRAS1,CIDP,784,0.0048645361250188,0,0.2551020408163265
CIDP,S35,Other_EC,DIRAS1,CIDP,463,0,0,0
CIDP,S35,Pericyte_VSMC,DIRAS1,CIDP,678,0,0,0
CIDP,S35,Perineurium,DIRAS1,CIDP,1967,0.0028689249786153,0,0.2033553634977122
CIDP,S35,Repair_damage_SC,DIRAS1,CIDP,59,0.0451789123776728,0,3.389830508474576
CIDP,S35,T_NK,DIRAS1,CIDP,164,0,0,0
CIDP,S35,Adipo,GNG7,CIDP,47,0.1483392452947258,0,10.638297872340424
CIDP,S35,BNB_EC,GNG7,CIDP,82,0.3067118320130622,0,14.634146341463412
CIDP,S35,B_cell,GNG7,CIDP,3,1.394192232987262,0,33.33333333333333
CIDP,S35,Endoneurial_stroma,GNG7,CIDP,988,0.0190767093555899,0,1.417004048582996
CIDP,S35,Epineurial_stroma,GNG7,CIDP,697,0.0458238258300407,0,3.1563845050215207
CIDP,S35,Granulocyte,GNG7,CIDP,1,0,0,0
CIDP,S35,Macrophage,GNG7,CIDP,1047,0.5862900811167763,0,25.31041069723018
CIDP,S35,Mast,GNG7,CIDP,32,0.1661755948685762,0,6.25
CIDP,S35,Myelinating_SC,GNG7,CIDP,169,0,0,0
CIDP,S35,Nonmyelinating_SC,GNG7,CIDP,784,0.1383833261311559,0,5.612244897959184
CIDP,S35,Other_EC,GNG7,CIDP,463,0.1589539561866807,0,7.127429805615551
CIDP,S35,Pericyte_VSMC,GNG7,CIDP,678,0.097922985695683,0,4.129793510324483
CIDP,S35,Perineurium,GNG7,CIDP,1967,0.0431038508111331,0,2.694458566344688
CIDP,S35,Repair_damage_SC,GNG7,CIDP,59,0.3332534858684339,0,16.94915254237288
CIDP,S35,T_NK,GNG7,CIDP,164,0.0471109564479028,0,1.829268292682927
CIDP,S35,Adipo,SLC39A3,CIDP,47,0.0149407015377124,0,2.127659574468085
CIDP,S35,BNB_EC,SLC39A3,CIDP,82,0.059555944987006,0,3.658536585365853
CIDP,S35,B_cell,SLC39A3,CIDP,3,0,0,0
CIDP,S35,Endoneurial_stroma,SLC39A3,CIDP,988,0.0137754409783028,0,0.8097165991902834
CIDP,S35,Epineurial_stroma,SLC39A3,CIDP,697,0.0090744895006657,0,0.5738880918220948
CIDP,S35,Granulocyte,SLC39A3,CIDP,1,0,0,0
CIDP,S35,Macrophage,SLC39A3,CIDP,1047,0.0015690449684262,0,0.0955109837631327
CIDP,S35,Mast,SLC39A3,CIDP,32,0,0,0
CIDP,S35,Myelinating_SC,SLC39A3,CIDP,169,0.0840229586192135,0,5.325443786982249
CIDP,S35,Nonmyelinating_SC,SLC39A3,CIDP,784,0.0201495718795883,0,1.020408163265306
CIDP,S35,Other_EC,SLC39A3,CIDP,463,0.0245941476261291,0,1.2958963282937366
CIDP,S35,Pericyte_VSMC,SLC39A3,CIDP,678,0.0163186312927704,0,0.7374631268436578
CIDP,S35,Perineurium,SLC39A3,CIDP,1967,0.0270827420022404,0,1.677681748856126
CIDP,S35,Repair_damage_SC,SLC39A3,CIDP,59,0.0115639809038661,0,1.694915254237288
CIDP,S35,T_NK,SLC39A3,CIDP,164,0,0,0
CIDP,S35,Adipo,DGKQ,Inflammatory_polyneuropathy,47,0,0,0
CIDP,S35,BNB_EC,DGKQ,Inflammatory_polyneuropathy,82,0,0,0
CIDP,S35,B_cell,DGKQ,Inflammatory_polyneuropathy,3,0,0,0
CIDP,S35,Endoneurial_stroma,DGKQ,Inflammatory_polyneuropathy,988,0.0659432953341567,0,3.947368421052632
CIDP,S35,Epineurial_stroma,DGKQ,Inflammatory_polyneuropathy,697,0.0436923765846809,0,2.72596843615495
CIDP,S35,Granulocyte,DGKQ,Inflammatory_polyneuropathy,1,0,0,0
CIDP,S35,Macrophage,DGKQ,Inflammatory_polyneuropathy,1047,0.0537189811290023,0,2.6743075453677174
CIDP,S35,Mast,DGKQ,Inflammatory_polyneuropathy,32,0.0835636967189734,0,3.125
CIDP,S35,Myelinating_SC,DGKQ,Inflammatory_polyneuropathy,169,0.010323744689386,0,0.591715976331361
CIDP,S35,Nonmyelinating_SC,DGKQ,Inflammatory_polyneuropathy,784,0.0237068876673455,0,1.2755102040816326
CIDP,S35,Other_EC,DGKQ,Inflammatory_polyneuropathy,463,0.0252211305977253,0,1.2958963282937366
CIDP,S35,Pericyte_VSMC,DGKQ,Inflammatory_polyneuropathy,678,0.0213126126886125,0,0.8849557522123894
CIDP,S35,Perineurium,DGKQ,Inflammatory_polyneuropathy,1967,0.039667956492222,0,2.440264361972547
CIDP,S35,Repair_damage_SC,DGKQ,Inflammatory_polyneuropathy,59,0,0,0
CIDP,S35,T_NK,DGKQ,Inflammatory_polyneuropathy,164,0.0694184676928357,0,3.048780487804878
CIDP,S35,Adipo,GLDC,Inflammatory_polyneuropathy,47,0.0812768383821585,0,2.127659574468085
CIDP,S35,BNB_EC,GLDC,Inflammatory_polyneuropathy,82,0,0,0
CIDP,S35,B_cell,GLDC,Inflammatory_polyneuropathy,3,0,0,0
CIDP,S35,Endoneurial_stroma,GLDC,Inflammatory_polyneuropathy,988,0.0105913607165007,0,0.708502024291498
CIDP,S35,Epineurial_stroma,GLDC,Inflammatory_polyneuropathy,697,0.0053024804117429,0,0.2869440459110474
CIDP,S35,Granulocyte,GLDC,Inflammatory_polyneuropathy,1,0,0,0
CIDP,S35,Macrophage,GLDC,Inflammatory_polyneuropathy,1047,0.0196091758474252,0,0.9551098376313276
CIDP,S35,Mast,GLDC,Inflammatory_polyneuropathy,32,0,0,0
CIDP,S35,Myelinating_SC,GLDC,Inflammatory_polyneuropathy,169,1.173658242606466,0,45.5621301775148
CIDP,S35,Nonmyelinating_SC,GLDC,Inflammatory_polyneuropathy,784,0.0660365739590406,0,2.6785714285714284
CIDP,S35,Other_EC,GLDC,Inflammatory_polyneuropathy,463,0.0299502046084766,0,1.2958963282937366
CIDP,S35,Pericyte_VSMC,GLDC,Inflammatory_polyneuropathy,678,0.0148084797159106,0,0.5899705014749262
CIDP,S35,Perineurium,GLDC,Inflammatory_polyneuropathy,1967,0.0160442613070598,0,0.9659379766141332
CIDP,S35,Repair_damage_SC,GLDC,Inflammatory_polyneuropathy,59,0.5648937032301098,0,27.11864406779661
CIDP,S35,T_NK,GLDC,Inflammatory_polyneuropathy,164,0.0128655207591708,0,0.6097560975609756
CIDP,S35,Adipo,IDUA,Inflammatory_polyneuropathy,47,0.0712785950994975,0,6.382978723404255
CIDP,S35,BNB_EC,IDUA,Inflammatory_polyneuropathy,82,0.0837863109081876,0,3.658536585365853
CIDP,S35,B_cell,IDUA,Inflammatory_polyneuropathy,3,0,0,0
CIDP,S35,Endoneurial_stroma,IDUA,Inflammatory_polyneuropathy,988,0.0853829761423595,0,4.959514170040486
CIDP,S35,Epineurial_stroma,IDUA,Inflammatory_polyneuropathy,697,0.0641563460448784,0,3.873744619799139
CIDP,S35,Granulocyte,IDUA,Inflammatory_polyneuropathy,1,0,0,0
CIDP,S35,Macrophage,IDUA,Inflammatory_polyneuropathy,1047,0.0664145498076033,0,3.5339063992359123
CIDP,S35,Mast,IDUA,Inflammatory_polyneuropathy,32,0,0,0
CIDP,S35,Myelinating_SC,IDUA,Inflammatory_polyneuropathy,169,0.012869622657031,0,1.183431952662722
CIDP,S35,Nonmyelinating_SC,IDUA,Inflammatory_polyneuropathy,784,0.0723180756762881,0,3.188775510204082
CIDP,S35,Other_EC,IDUA,Inflammatory_polyneuropathy,463,0.0296272180183135,0,1.511879049676026
CIDP,S35,Pericyte_VSMC,IDUA,Inflammatory_polyneuropathy,678,0,0,0
CIDP,S35,Perineurium,IDUA,Inflammatory_polyneuropathy,1967,0.0455993660866749,0,2.796136248093543
CIDP,S35,Repair_damage_SC,IDUA,Inflammatory_polyneuropathy,59,0.0907497710962041,0,5.084745762711865
CIDP,S35,T_NK,IDUA,Inflammatory_polyneuropathy,164,0.0515796157817212,0,1.829268292682927
CIDP,S35,Adipo,SLAMF9,Inflammatory_polyneuropathy,47,0,0,0
CIDP,S35,BNB_EC,SLAMF9,Inflammatory_polyneuropathy,82,0,0,0
CIDP,S35,B_cell,SLAMF9,Inflammatory_polyneuropathy,3,0,0,0
CIDP,S35,Endoneurial_stroma,SLAMF9,Inflammatory_polyneuropathy,988,0,0,0
CIDP,S35,Epineurial_stroma,SLAMF9,Inflammatory_polyneuropathy,697,0,0,0
CIDP,S35,Granulocyte,SLAMF9,Inflammatory_polyneuropathy,1,0,0,0
CIDP,S35,Macrophage,SLAMF9,Inflammatory_polyneuropathy,1047,0,0,0
CIDP,S35,Mast,SLAMF9,Inflammatory_polyneuropathy,32,0,0,0
CIDP,S35,Myelinating_SC,SLAMF9,Inflammatory_polyneuropathy,169,0,0,0
CIDP,S35,Nonmyelinating_SC,SLAMF9,Inflammatory_polyneuropathy,784,0,0,0
CIDP,S35,Other_EC,SLAMF9,Inflammatory_polyneuropathy,463,0,0,0
CIDP,S35,Pericyte_VSMC,SLAMF9,Inflammatory_polyneuropathy,678,0,0,0
CIDP,S35,Perineurium,SLAMF9,Inflammatory_polyneuropathy,1967,0,0,0
CIDP,S35,Repair_damage_SC,SLAMF9,Inflammatory_polyneuropathy,59,0,0,0
CIDP,S35,T_NK,SLAMF9,Inflammatory_polyneuropathy,164,0,0,0
CIDP,S35,Adipo,TMEM175,Inflammatory_polyneuropathy,47,0.1339512946926536,0,10.638297872340424
CIDP,S35,BNB_EC,TMEM175,Inflammatory_polyneuropathy,82,0.04931280831442,0,2.4390243902439024
CIDP,S35,B_cell,TMEM175,Inflammatory_polyneuropathy,3,0,0,0
CIDP,S35,Endoneurial_stroma,TMEM175,Inflammatory_polyneuropathy,988,0.2108814229353284,0,12.65182186234818
CIDP,S35,Epineurial_stroma,TMEM175,Inflammatory_polyneuropathy,697,0.1487443627902521,0,8.464849354375897
CIDP,S35,Granulocyte,TMEM175,Inflammatory_polyneuropathy,1,0,0,0
CIDP,S35,Macrophage,TMEM175,Inflammatory_polyneuropathy,1047,0.1359128021855603,0,6.685768863419293
CIDP,S35,Mast,TMEM175,Inflammatory_polyneuropathy,32,0.1642309145819707,0,6.25
CIDP,S35,Myelinating_SC,TMEM175,Inflammatory_polyneuropathy,169,0.2280069347989431,0,13.017751479289942
CIDP,S35,Nonmyelinating_SC,TMEM175,Inflammatory_polyneuropathy,784,0.1698257191047066,0,7.142857142857142
CIDP,S35,Other_EC,TMEM175,Inflammatory_polyneuropathy,463,0.0252958515819956,0,1.2958963282937366
CIDP,S35,Pericyte_VSMC,TMEM175,Inflammatory_polyneuropathy,678,0.0827689569705347,0,3.834808259587021
CIDP,S35,Perineurium,TMEM175,Inflammatory_polyneuropathy,1967,0.1167787162008472,0,6.659888154550077
CIDP,S35,Repair_damage_SC,TMEM175,Inflammatory_polyneuropathy,59,0.0683176094823499,0,3.389830508474576
CIDP,S35,T_NK,TMEM175,Inflammatory_polyneuropathy,164,0.0337169107284317,0,1.2195121951219512
CIDP,S35,Adipo,DCTN1,Inflammatory_polyneuropathy,47,0.0496071786730264,0,6.382978723404255
CIDP,S35,BNB_EC,DCTN1,Inflammatory_polyneuropathy,82,0.0929895163720657,0,6.097560975609756
CIDP,S35,B_cell,DCTN1,Inflammatory_polyneuropathy,3,0,0,0
CIDP,S35,Endoneurial_stroma,DCTN1,Inflammatory_polyneuropathy,988,0.1129785302851896,0,7.186234817813765
CIDP,S35,Epineurial_stroma,DCTN1,Inflammatory_polyneuropathy,697,0.1007519041501366,0,6.025824964131994
CIDP,S35,Granulocyte,DCTN1,Inflammatory_polyneuropathy,1,0,0,0
CIDP,S35,Macrophage,DCTN1,Inflammatory_polyneuropathy,1047,0.0458072717437556,0,2.6743075453677174
CIDP,S35,Mast,DCTN1,Inflammatory_polyneuropathy,32,0,0,0
CIDP,S35,Myelinating_SC,DCTN1,Inflammatory_polyneuropathy,169,0.0692881975343709,0,5.325443786982249
CIDP,S35,Nonmyelinating_SC,DCTN1,Inflammatory_polyneuropathy,784,0.1069945653989821,0,5.1020408163265305
CIDP,S35,Other_EC,DCTN1,Inflammatory_polyneuropathy,463,0.0784354777577548,0,4.103671706263499
CIDP,S35,Pericyte_VSMC,DCTN1,Inflammatory_polyneuropathy,678,0.0940258672399021,0,4.277286135693215
CIDP,S35,Perineurium,DCTN1,Inflammatory_polyneuropathy,1967,0.1136087323651323,0,7.015760040671072
CIDP,S35,Repair_damage_SC,DCTN1,Inflammatory_polyneuropathy,59,0.041058844345066,0,3.389830508474576
CIDP,S35,T_NK,DCTN1,Inflammatory_polyneuropathy,164,0.0210929205318173,0,1.2195121951219512
CIDP,S35,Adipo,ME1,Inflammatory_polyneuropathy,47,3.577411158485126,3.514049389127274,93.61702127659576
CIDP,S35,BNB_EC,ME1,Inflammatory_polyneuropathy,82,0,0,0
CIDP,S35,B_cell,ME1,Inflammatory_polyneuropathy,3,0,0,0
CIDP,S35,Endoneurial_stroma,ME1,Inflammatory_polyneuropathy,988,0.3337873389358716,0,18.421052631578945
CIDP,S35,Epineurial_stroma,ME1,Inflammatory_polyneuropathy,697,0.7703195401313514,0,32.99856527977044
CIDP,S35,Granulocyte,ME1,Inflammatory_polyneuropathy,1,0,0,0
CIDP,S35,Macrophage,ME1,Inflammatory_polyneuropathy,1047,0.6281457605364409,0,21.298949379178605
CIDP,S35,Mast,ME1,Inflammatory_polyneuropathy,32,0.0401440753911142,0,3.125
CIDP,S35,Myelinating_SC,ME1,Inflammatory_polyneuropathy,169,0.9734859585487488,0,38.46153846153847
CIDP,S35,Nonmyelinating_SC,ME1,Inflammatory_polyneuropathy,784,0.0245235688869151,0,1.2755102040816326
CIDP,S35,Other_EC,ME1,Inflammatory_polyneuropathy,463,0.014159608213894,0,0.8639308855291578
CIDP,S35,Pericyte_VSMC,ME1,Inflammatory_polyneuropathy,678,0.1753526276039236,0,6.784660766961652
CIDP,S35,Perineurium,ME1,Inflammatory_polyneuropathy,1967,0.3430185023097797,0,17.691916624300966
CIDP,S35,Repair_damage_SC,ME1,Inflammatory_polyneuropathy,59,0.6478818484273964,0,27.11864406779661
CIDP,S35,T_NK,ME1,Inflammatory_polyneuropathy,164,0,0,0
CIDP,S36,BNB_EC,CDH4,CIDP,546,0,0,0
CIDP,S36,B_cell,CDH4,CIDP,6,0,0,0
CIDP,S36,Endoneurial_stroma,CDH4,CIDP,1253,0.0292554247173409,0,1.0375099760574622
CIDP,S36,Epineurial_stroma,CDH4,CIDP,372,0.0294935643700679,0,1.3440860215053765
CIDP,S36,Macrophage,CDH4,CIDP,143,0,0,0
CIDP,S36,Mast,CDH4,CIDP,10,0,0,0
CIDP,S36,Myelinating_SC,CDH4,CIDP,871,0.091300991173532,0,3.214695752009185
CIDP,S36,Nonmyelinating_SC,CDH4,CIDP,4955,0.1121081774100899,0,3.3299697275479314
CIDP,S36,Other_EC,CDH4,CIDP,1868,0,0,0
CIDP,S36,Pericyte_VSMC,CDH4,CIDP,3661,0.0067502960086198,0,0.409724119093144
CIDP,S36,Perineurium,CDH4,CIDP,2227,0.0123290626215763,0,0.449034575662326
CIDP,S36,Repair_damage_SC,CDH4,CIDP,609,0.0968307269432196,0,2.7914614121510675
CIDP,S36,T_NK,CDH4,CIDP,57,0.1193372026906808,0,3.508771929824561
CIDP,S36,BNB_EC,DIRAS1,CIDP,546,0,0,0
CIDP,S36,B_cell,DIRAS1,CIDP,6,0,0,0
CIDP,S36,Endoneurial_stroma,DIRAS1,CIDP,1253,0.0023587019641234,0,0.0798084596967278
CIDP,S36,Epineurial_stroma,DIRAS1,CIDP,372,0,0,0
CIDP,S36,Macrophage,DIRAS1,CIDP,143,0,0,0
CIDP,S36,Mast,DIRAS1,CIDP,10,0,0,0
CIDP,S36,Myelinating_SC,DIRAS1,CIDP,871,0,0,0
CIDP,S36,Nonmyelinating_SC,DIRAS1,CIDP,4955,0,0,0
CIDP,S36,Other_EC,DIRAS1,CIDP,1868,0.0015931590669515,0,0.0535331905781584
CIDP,S36,Pericyte_VSMC,DIRAS1,CIDP,3661,0.0025132658388459,0,0.109259765091505
CIDP,S36,Perineurium,DIRAS1,CIDP,2227,0.0011642599287438,0,0.0449034575662325
CIDP,S36,Repair_damage_SC,DIRAS1,CIDP,609,0.0038541639447618,0,0.1642036124794745
CIDP,S36,T_NK,DIRAS1,CIDP,57,0,0,0
CIDP,S36,BNB_EC,GNG7,CIDP,546,0.234694918887678,0,8.974358974358974
CIDP,S36,B_cell,GNG7,CIDP,6,2.0831597036949603,1.5302090998148097,50
CIDP,S36,Endoneurial_stroma,GNG7,CIDP,1253,0.0585446687068822,0,2.0750199521149244
CIDP,S36,Epineurial_stroma,GNG7,CIDP,372,0.04571638522539,0,1.6129032258064515
CIDP,S36,Macrophage,GNG7,CIDP,143,0.3828030147491104,0,13.986013986013988
CIDP,S36,Mast,GNG7,CIDP,10,0.2032183683882561,0,10
CIDP,S36,Myelinating_SC,GNG7,CIDP,871,0.0592524717791946,0,2.525832376578645
CIDP,S36,Nonmyelinating_SC,GNG7,CIDP,4955,0.1202227118120536,0,4.056508577194752
CIDP,S36,Other_EC,GNG7,CIDP,1868,0.1089775354900282,0,4.282655246252676
CIDP,S36,Pericyte_VSMC,GNG7,CIDP,3661,0.1350154138974239,0,5.2444687243922425
CIDP,S36,Perineurium,GNG7,CIDP,2227,0.1305739676687337,0,4.939380332285586
CIDP,S36,Repair_damage_SC,GNG7,CIDP,609,0.1844077726521409,0,5.911330049261084
CIDP,S36,T_NK,GNG7,CIDP,57,0.1209131111710012,0,3.508771929824561
CIDP,S36,BNB_EC,SLC39A3,CIDP,546,0.0142247186160532,0,0.5494505494505495
CIDP,S36,B_cell,SLC39A3,CIDP,6,0,0,0
CIDP,S36,Endoneurial_stroma,SLC39A3,CIDP,1253,0.0172431235143476,0,0.7980845969672785
CIDP,S36,Epineurial_stroma,SLC39A3,CIDP,372,0,0,0
CIDP,S36,Macrophage,SLC39A3,CIDP,143,0,0,0
CIDP,S36,Mast,SLC39A3,CIDP,10,0,0,0
CIDP,S36,Myelinating_SC,SLC39A3,CIDP,871,0.0059831840445011,0,0.2296211251435132
CIDP,S36,Nonmyelinating_SC,SLC39A3,CIDP,4955,0.0094724024353255,0,0.3834510595358223
CIDP,S36,Other_EC,SLC39A3,CIDP,1868,0.0338240570179674,0,1.5524625267665952
CIDP,S36,Pericyte_VSMC,SLC39A3,CIDP,3661,0.0303042185877535,0,1.3657470636438132
CIDP,S36,Perineurium,SLC39A3,CIDP,2227,0.0178199796938457,0,0.673551863493489
CIDP,S36,Repair_damage_SC,SLC39A3,CIDP,609,0.0068655542653159,0,0.3284072249589491
CIDP,S36,T_NK,SLC39A3,CIDP,57,0,0,0
CIDP,S36,BNB_EC,DGKQ,Inflammatory_polyneuropathy,546,0.0642496227206862,0,2.380952380952381
CIDP,S36,B_cell,DGKQ,Inflammatory_polyneuropathy,6,0,0,0
CIDP,S36,Endoneurial_stroma,DGKQ,Inflammatory_polyneuropathy,1253,0.0420191561922338,0,1.4365522745411012
CIDP,S36,Epineurial_stroma,DGKQ,Inflammatory_polyneuropathy,372,0.0463079483980996,0,1.881720430107527
CIDP,S36,Macrophage,DGKQ,Inflammatory_polyneuropathy,143,0,0,0
CIDP,S36,Mast,DGKQ,Inflammatory_polyneuropathy,10,0,0,0
CIDP,S36,Myelinating_SC,DGKQ,Inflammatory_polyneuropathy,871,0.0191174597779836,0,0.8036739380022963
CIDP,S36,Nonmyelinating_SC,DGKQ,Inflammatory_polyneuropathy,4955,0.0034561716105631,0,0.1614530776992936
CIDP,S36,Other_EC,DGKQ,Inflammatory_polyneuropathy,1868,0.0535543176551872,0,2.4089935760171306
CIDP,S36,Pericyte_VSMC,DGKQ,Inflammatory_polyneuropathy,3661,0.043704646496205,0,1.638896476372576
CIDP,S36,Perineurium,DGKQ,Inflammatory_polyneuropathy,2227,0.0387275932613835,0,1.3022002694207453
CIDP,S36,Repair_damage_SC,DGKQ,Inflammatory_polyneuropathy,609,0,0,0
CIDP,S36,T_NK,DGKQ,Inflammatory_polyneuropathy,57,0.0606228670408225,0,1.7543859649122806
CIDP,S36,BNB_EC,GLDC,Inflammatory_polyneuropathy,546,0,0,0
CIDP,S36,B_cell,GLDC,Inflammatory_polyneuropathy,6,0,0,0
CIDP,S36,Endoneurial_stroma,GLDC,Inflammatory_polyneuropathy,1253,0.0146831736363098,0,0.5586592178770949
CIDP,S36,Epineurial_stroma,GLDC,Inflammatory_polyneuropathy,372,0.0106541373916647,0,0.2688172043010753
CIDP,S36,Macrophage,GLDC,Inflammatory_polyneuropathy,143,0.0276470047618344,0,0.6993006993006993
CIDP,S36,Mast,GLDC,Inflammatory_polyneuropathy,10,0.4034269902084746,0,10
CIDP,S36,Myelinating_SC,GLDC,Inflammatory_polyneuropathy,871,1.4898009681221192,0,42.5947187141217
CIDP,S36,Nonmyelinating_SC,GLDC,Inflammatory_polyneuropathy,4955,0.0534088444971732,0,1.4934409687184662
CIDP,S36,Other_EC,GLDC,Inflammatory_polyneuropathy,1868,0.0027603489541311,0,0.1070663811563169
CIDP,S36,Pericyte_VSMC,GLDC,Inflammatory_polyneuropathy,3661,0.0076135216246348,0,0.3550942365473914
CIDP,S36,Perineurium,GLDC,Inflammatory_polyneuropathy,2227,0.0104154613788821,0,0.4041311180960934
CIDP,S36,Repair_damage_SC,GLDC,Inflammatory_polyneuropathy,609,0.0908961777508035,0,3.284072249589491
CIDP,S36,T_NK,GLDC,Inflammatory_polyneuropathy,57,0,0,0
CIDP,S36,BNB_EC,IDUA,Inflammatory_polyneuropathy,546,0.0604943036003736,0,2.564102564102564
CIDP,S36,B_cell,IDUA,Inflammatory_polyneuropathy,6,0,0,0
CIDP,S36,Endoneurial_stroma,IDUA,Inflammatory_polyneuropathy,1253,0.0782502153627103,0,2.793296089385475
CIDP,S36,Epineurial_stroma,IDUA,Inflammatory_polyneuropathy,372,0.0412973576967727,0,1.3440860215053765
CIDP,S36,Macrophage,IDUA,Inflammatory_polyneuropathy,143,0.0875264467138979,0,2.797202797202797
CIDP,S36,Mast,IDUA,Inflammatory_polyneuropathy,10,0,0,0
CIDP,S36,Myelinating_SC,IDUA,Inflammatory_polyneuropathy,871,0.0781160327321873,0,2.8702640642939152
CIDP,S36,Nonmyelinating_SC,IDUA,Inflammatory_polyneuropathy,4955,0.0410232498689338,0,1.3925327951564077
CIDP,S36,Other_EC,IDUA,Inflammatory_polyneuropathy,1868,0.0455255627107192,0,1.9271948608137044
CIDP,S36,Pericyte_VSMC,IDUA,Inflammatory_polyneuropathy,3661,0.0383162412691484,0,1.5296367112810707
CIDP,S36,Perineurium,IDUA,Inflammatory_polyneuropathy,2227,0.0396023072055569,0,1.4818140996856757
CIDP,S36,Repair_damage_SC,IDUA,Inflammatory_polyneuropathy,609,0.0318215105761743,0,0.8210180623973727
CIDP,S36,T_NK,IDUA,Inflammatory_polyneuropathy,57,0.0782961214079958,0,1.7543859649122806
CIDP,S36,BNB_EC,SLAMF9,Inflammatory_polyneuropathy,546,0,0,0
CIDP,S36,B_cell,SLAMF9,Inflammatory_polyneuropathy,6,0,0,0
CIDP,S36,Endoneurial_stroma,SLAMF9,Inflammatory_polyneuropathy,1253,0,0,0
CIDP,S36,Epineurial_stroma,SLAMF9,Inflammatory_polyneuropathy,372,0,0,0
CIDP,S36,Macrophage,SLAMF9,Inflammatory_polyneuropathy,143,0,0,0
CIDP,S36,Mast,SLAMF9,Inflammatory_polyneuropathy,10,0,0,0
CIDP,S36,Myelinating_SC,SLAMF9,Inflammatory_polyneuropathy,871,0,0,0
CIDP,S36,Nonmyelinating_SC,SLAMF9,Inflammatory_polyneuropathy,4955,0,0,0
CIDP,S36,Other_EC,SLAMF9,Inflammatory_polyneuropathy,1868,0,0,0
CIDP,S36,Pericyte_VSMC,SLAMF9,Inflammatory_polyneuropathy,3661,0,0,0
CIDP,S36,Perineurium,SLAMF9,Inflammatory_polyneuropathy,2227,0,0,0
CIDP,S36,Repair_damage_SC,SLAMF9,Inflammatory_polyneuropathy,609,0,0,0
CIDP,S36,T_NK,SLAMF9,Inflammatory_polyneuropathy,57,0,0,0
CIDP,S36,BNB_EC,TMEM175,Inflammatory_polyneuropathy,546,0.0863892458788464,0,3.47985347985348
CIDP,S36,B_cell,TMEM175,Inflammatory_polyneuropathy,6,0,0,0
CIDP,S36,Endoneurial_stroma,TMEM175,Inflammatory_polyneuropathy,1253,0.1549184629432114,0,5.506783719074222
CIDP,S36,Epineurial_stroma,TMEM175,Inflammatory_polyneuropathy,372,0.1795201243651766,0,6.451612903225806
CIDP,S36,Macrophage,TMEM175,Inflammatory_polyneuropathy,143,0.0201729642621849,0,0.6993006993006993
CIDP,S36,Mast,TMEM175,Inflammatory_polyneuropathy,10,0,0,0
CIDP,S36,Myelinating_SC,TMEM175,Inflammatory_polyneuropathy,871,0.1091721396692095,0,4.362801377726751
CIDP,S36,Nonmyelinating_SC,TMEM175,Inflammatory_polyneuropathy,4955,0.0856128437757745,0,2.8657921291624624
CIDP,S36,Other_EC,TMEM175,Inflammatory_polyneuropathy,1868,0.0946295630101947,0,4.068522483940043
CIDP,S36,Pericyte_VSMC,TMEM175,Inflammatory_polyneuropathy,3661,0.0951097396435133,0,4.151871073477191
CIDP,S36,Perineurium,TMEM175,Inflammatory_polyneuropathy,2227,0.1134437848964386,0,4.31073192635833
CIDP,S36,Repair_damage_SC,TMEM175,Inflammatory_polyneuropathy,609,0.1085385468388541,0,3.4482758620689653
CIDP,S36,T_NK,TMEM175,Inflammatory_polyneuropathy,57,0.209293632563011,0,7.017543859649122
CIDP,S36,BNB_EC,DCTN1,Inflammatory_polyneuropathy,546,0.1204640828766229,0,5.128205128205128
CIDP,S36,B_cell,DCTN1,Inflammatory_polyneuropathy,6,0,0,0
CIDP,S36,Endoneurial_stroma,DCTN1,Inflammatory_polyneuropathy,1253,0.1136161123512237,0,4.309656823623304
CIDP,S36,Epineurial_stroma,DCTN1,Inflammatory_polyneuropathy,372,0.0877531490869163,0,3.225806451612903
CIDP,S36,Macrophage,DCTN1,Inflammatory_polyneuropathy,143,0.0432720107318246,0,1.3986013986013983
CIDP,S36,Mast,DCTN1,Inflammatory_polyneuropathy,10,0,0,0
CIDP,S36,Myelinating_SC,DCTN1,Inflammatory_polyneuropathy,871,0.1046214224963965,0,4.133180252583238
CIDP,S36,Nonmyelinating_SC,DCTN1,Inflammatory_polyneuropathy,4955,0.079664872323762,0,3.027245206861756
CIDP,S36,Other_EC,DCTN1,Inflammatory_polyneuropathy,1868,0.1030000228286106,0,4.817987152034261
CIDP,S36,Pericyte_VSMC,DCTN1,Inflammatory_polyneuropathy,3661,0.1337270204344087,0,5.954657197487025
CIDP,S36,Perineurium,DCTN1,Inflammatory_polyneuropathy,2227,0.1216887781375654,0,4.759766502020655
CIDP,S36,Repair_damage_SC,DCTN1,Inflammatory_polyneuropathy,609,0.1117946517881317,0,4.269293924466338
CIDP,S36,T_NK,DCTN1,Inflammatory_polyneuropathy,57,0,0,0
CIDP,S36,BNB_EC,ME1,Inflammatory_polyneuropathy,546,0.0592458910787109,0,2.564102564102564
CIDP,S36,B_cell,ME1,Inflammatory_polyneuropathy,6,0,0,0
CIDP,S36,Endoneurial_stroma,ME1,Inflammatory_polyneuropathy,1253,0.3863097042051819,0,13.32801276935355
CIDP,S36,Epineurial_stroma,ME1,Inflammatory_polyneuropathy,372,0.3382424358646313,0,12.903225806451612
CIDP,S36,Macrophage,ME1,Inflammatory_polyneuropathy,143,0.5999643274690887,0,18.88111888111888
CIDP,S36,Mast,ME1,Inflammatory_polyneuropathy,10,0.2284356377554638,0,10
CIDP,S36,Myelinating_SC,ME1,Inflammatory_polyneuropathy,871,0.2008126641426427,0,7.347876004592423
CIDP,S36,Nonmyelinating_SC,ME1,Inflammatory_polyneuropathy,4955,0.0329998497669646,0,1.1503531786074672
CIDP,S36,Other_EC,ME1,Inflammatory_polyneuropathy,1868,0.0279540328734463,0,1.1241970021413277
CIDP,S36,Pericyte_VSMC,ME1,Inflammatory_polyneuropathy,3661,0.1814195272027579,0,6.965310024583447
CIDP,S36,Perineurium,ME1,Inflammatory_polyneuropathy,2227,0.2004205004050195,0,7.498877413560844
CIDP,S36,Repair_damage_SC,ME1,Inflammatory_polyneuropathy,609,0.0779815641068527,0,2.4630541871921183
CIDP,S36,T_NK,ME1,Inflammatory_polyneuropathy,57,0.2466083359454856,0,7.017543859649122
CIDP,S37,Adipo,CDH4,CIDP,203,0.0131638296780389,0,0.9852216748768472
CIDP,S37,BNB_EC,CDH4,CIDP,577,0.0118344758277615,0,0.6932409012131715
CIDP,S37,B_cell,CDH4,CIDP,1,0,0,0
CIDP,S37,Endoneurial_stroma,CDH4,CIDP,432,0.0294633929986297,0,1.1574074074074074
CIDP,S37,Epineurial_stroma,CDH4,CIDP,799,0.2459943138825646,0,12.015018773466831
CIDP,S37,Macrophage,CDH4,CIDP,267,0.0259996822127804,0,1.49812734082397
CIDP,S37,Mast,CDH4,CIDP,40,0.0670151720968197,0,2.5
CIDP,S37,Myelinating_SC,CDH4,CIDP,85,0.1074322982485932,0,3.5294117647058822
CIDP,S37,Nonmyelinating_SC,CDH4,CIDP,3248,0.1549185818150598,0,6.096059113300493
CIDP,S37,Other_EC,CDH4,CIDP,1543,0.0126318378422059,0,0.712896953985742
CIDP,S37,Pericyte_VSMC,CDH4,CIDP,1365,0.0253921770498238,0,1.391941391941392
CIDP,S37,Perineurium,CDH4,CIDP,4276,0.0346279586494126,0,1.8007483629560337
CIDP,S37,Repair_damage_SC,CDH4,CIDP,392,0.3906452376894011,0,15.306122448979592
CIDP,S37,T_NK,CDH4,CIDP,54,0,0,0
CIDP,S37,Adipo,DIRAS1,CIDP,203,0,0,0
CIDP,S37,BNB_EC,DIRAS1,CIDP,577,0,0,0
CIDP,S37,B_cell,DIRAS1,CIDP,1,0,0,0
CIDP,S37,Endoneurial_stroma,DIRAS1,CIDP,432,0,0,0
CIDP,S37,Epineurial_stroma,DIRAS1,CIDP,799,0,0,0
CIDP,S37,Macrophage,DIRAS1,CIDP,267,0,0,0
CIDP,S37,Mast,DIRAS1,CIDP,40,0,0,0
CIDP,S37,Myelinating_SC,DIRAS1,CIDP,85,0,0,0
CIDP,S37,Nonmyelinating_SC,DIRAS1,CIDP,3248,0.0013394116443613,0,0.0923645320197044
CIDP,S37,Other_EC,DIRAS1,CIDP,1543,0,0,0
CIDP,S37,Pericyte_VSMC,DIRAS1,CIDP,1365,0.0026466508450075,0,0.1465201465201465
CIDP,S37,Perineurium,DIRAS1,CIDP,4276,0,0,0
CIDP,S37,Repair_damage_SC,DIRAS1,CIDP,392,0.0035286134555275,0,0.2551020408163265
CIDP,S37,T_NK,DIRAS1,CIDP,54,0,0,0
CIDP,S37,Adipo,GNG7,CIDP,203,0.0952885334246968,0,8.374384236453201
CIDP,S37,BNB_EC,GNG7,CIDP,577,0.1583943200215423,0,8.31889081455806
CIDP,S37,B_cell,GNG7,CIDP,1,1.2775673661044922,1.2775673661044922,100
CIDP,S37,Endoneurial_stroma,GNG7,CIDP,432,0.0399088308708031,0,1.851851851851852
CIDP,S37,Epineurial_stroma,GNG7,CIDP,799,0.0342703515428384,0,1.877346683354193
CIDP,S37,Macrophage,GNG7,CIDP,267,0.437863094178003,0,16.853932584269664
CIDP,S37,Mast,GNG7,CIDP,40,0.113036354926244,0,5
CIDP,S37,Myelinating_SC,GNG7,CIDP,85,0.0689131491469878,0,3.5294117647058822
CIDP,S37,Nonmyelinating_SC,GNG7,CIDP,3248,0.0952833681170755,0,4.525862068965517
CIDP,S37,Other_EC,GNG7,CIDP,1543,0.111491794040762,0,6.027219701879456
CIDP,S37,Pericyte_VSMC,GNG7,CIDP,1365,0.1481322623903939,0,8.35164835164835
CIDP,S37,Perineurium,GNG7,CIDP,4276,0.1126509197804302,0,6.290926099158092
CIDP,S37,Repair_damage_SC,GNG7,CIDP,392,0.1711751711450094,0,8.16326530612245
CIDP,S37,T_NK,GNG7,CIDP,54,0.1656722681153364,0,5.555555555555555
CIDP,S37,Adipo,SLC39A3,CIDP,203,0.0468851896002295,0,3.4482758620689653
CIDP,S37,BNB_EC,SLC39A3,CIDP,577,0.0271398542901925,0,1.559792027729636
CIDP,S37,B_cell,SLC39A3,CIDP,1,0,0,0
CIDP,S37,Endoneurial_stroma,SLC39A3,CIDP,432,0,0,0
CIDP,S37,Epineurial_stroma,SLC39A3,CIDP,799,0.0346002623179726,0,2.3779724655819776
CIDP,S37,Macrophage,SLC39A3,CIDP,267,0.024789587914134,0,1.49812734082397
CIDP,S37,Mast,SLC39A3,CIDP,40,0,0,0
CIDP,S37,Myelinating_SC,SLC39A3,CIDP,85,0.0459550857438082,0,3.5294117647058822
CIDP,S37,Nonmyelinating_SC,SLC39A3,CIDP,3248,0.0164080998644395,0,1.04679802955665
CIDP,S37,Other_EC,SLC39A3,CIDP,1543,0.0334816753710344,0,2.0738820479585223
CIDP,S37,Pericyte_VSMC,SLC39A3,CIDP,1365,0.0203717790874779,0,1.465201465201465
CIDP,S37,Perineurium,SLC39A3,CIDP,4276,0.0085382020100123,0,0.608044901777362
CIDP,S37,Repair_damage_SC,SLC39A3,CIDP,392,0.0258138796955694,0,1.7857142857142856
CIDP,S37,T_NK,SLC39A3,CIDP,54,0,0,0
CIDP,S37,Adipo,DGKQ,Inflammatory_polyneuropathy,203,0.029843611093098,0,2.955665024630542
CIDP,S37,BNB_EC,DGKQ,Inflammatory_polyneuropathy,577,0.0293240315618464,0,1.559792027729636
CIDP,S37,B_cell,DGKQ,Inflammatory_polyneuropathy,1,0,0,0
CIDP,S37,Endoneurial_stroma,DGKQ,Inflammatory_polyneuropathy,432,0.0162274418367381,0,0.9259259259259258
CIDP,S37,Epineurial_stroma,DGKQ,Inflammatory_polyneuropathy,799,0.0225730207948357,0,1.2515644555694618
CIDP,S37,Macrophage,DGKQ,Inflammatory_polyneuropathy,267,0.015324811277149,0,0.7490636704119851
CIDP,S37,Mast,DGKQ,Inflammatory_polyneuropathy,40,0,0,0
CIDP,S37,Myelinating_SC,DGKQ,Inflammatory_polyneuropathy,85,0.0133208503085804,0,1.1764705882352942
CIDP,S37,Nonmyelinating_SC,DGKQ,Inflammatory_polyneuropathy,3248,0.0088061587253032,0,0.4926108374384236
CIDP,S37,Other_EC,DGKQ,Inflammatory_polyneuropathy,1543,0.0208997386171638,0,1.1665586519766689
CIDP,S37,Pericyte_VSMC,DGKQ,Inflammatory_polyneuropathy,1365,0.024715733324685,0,1.684981684981685
CIDP,S37,Perineurium,DGKQ,Inflammatory_polyneuropathy,4276,0.019366482463697,0,1.099158091674462
CIDP,S37,Repair_damage_SC,DGKQ,Inflammatory_polyneuropathy,392,0.0169340201599232,0,1.020408163265306
CIDP,S37,T_NK,DGKQ,Inflammatory_polyneuropathy,54,0,0,0
CIDP,S37,Adipo,GLDC,Inflammatory_polyneuropathy,203,0.004650312672057,0,0.4926108374384236
CIDP,S37,BNB_EC,GLDC,Inflammatory_polyneuropathy,577,0.0136465463809042,0,0.6932409012131715
CIDP,S37,B_cell,GLDC,Inflammatory_polyneuropathy,1,0,0,0
CIDP,S37,Endoneurial_stroma,GLDC,Inflammatory_polyneuropathy,432,0.0101420673835349,0,0.4629629629629629
CIDP,S37,Epineurial_stroma,GLDC,Inflammatory_polyneuropathy,799,0.0089136899388897,0,0.5006257822277848
CIDP,S37,Macrophage,GLDC,Inflammatory_polyneuropathy,267,0.0327139061431169,0,1.1235955056179776
CIDP,S37,Mast,GLDC,Inflammatory_polyneuropathy,40,0,0,0
CIDP,S37,Myelinating_SC,GLDC,Inflammatory_polyneuropathy,85,1.9737474762952087,2.166844412976895,62.35294117647059
CIDP,S37,Nonmyelinating_SC,GLDC,Inflammatory_polyneuropathy,3248,0.0220816462576207,0,1.1391625615763548
CIDP,S37,Other_EC,GLDC,Inflammatory_polyneuropathy,1543,0.032450093569493,0,1.7498379779650033
CIDP,S37,Pericyte_VSMC,GLDC,Inflammatory_polyneuropathy,1365,0.0067794138900595,0,0.5128205128205128
CIDP,S37,Perineurium,GLDC,Inflammatory_polyneuropathy,4276,0.0016963567708145,0,0.0701590271281571
CIDP,S37,Repair_damage_SC,GLDC,Inflammatory_polyneuropathy,392,0.2012857550785126,0,8.673469387755102
CIDP,S37,T_NK,GLDC,Inflammatory_polyneuropathy,54,0.1317920859067916,0,5.555555555555555
CIDP,S37,Adipo,IDUA,Inflammatory_polyneuropathy,203,0.1179311421386609,0,8.374384236453201
CIDP,S37,BNB_EC,IDUA,Inflammatory_polyneuropathy,577,0.0589260883814989,0,3.2928942807625647
CIDP,S37,B_cell,IDUA,Inflammatory_polyneuropathy,1,0,0,0
CIDP,S37,Endoneurial_stroma,IDUA,Inflammatory_polyneuropathy,432,0.0301734878615799,0,1.851851851851852
CIDP,S37,Epineurial_stroma,IDUA,Inflammatory_polyneuropathy,799,0.0422731268803675,0,2.753441802252816
CIDP,S37,Macrophage,IDUA,Inflammatory_polyneuropathy,267,0.0329121765053103,0,1.872659176029963
CIDP,S37,Mast,IDUA,Inflammatory_polyneuropathy,40,0.0517949353727026,0,2.5
CIDP,S37,Myelinating_SC,IDUA,Inflammatory_polyneuropathy,85,0,0,0
CIDP,S37,Nonmyelinating_SC,IDUA,Inflammatory_polyneuropathy,3248,0.0313073614710708,0,1.7241379310344829
CIDP,S37,Other_EC,IDUA,Inflammatory_polyneuropathy,1543,0.0536070076904006,0,3.175631885936488
CIDP,S37,Pericyte_VSMC,IDUA,Inflammatory_polyneuropathy,1365,0.0324012170304081,0,1.7582417582417582
CIDP,S37,Perineurium,IDUA,Inflammatory_polyneuropathy,4276,0.0134132675052994,0,0.9354536950420954
CIDP,S37,Repair_damage_SC,IDUA,Inflammatory_polyneuropathy,392,0.0310402319814196,0,1.2755102040816326
CIDP,S37,T_NK,IDUA,Inflammatory_polyneuropathy,54,0,0,0
CIDP,S37,Adipo,SLAMF9,Inflammatory_polyneuropathy,203,0,0,0
CIDP,S37,BNB_EC,SLAMF9,Inflammatory_polyneuropathy,577,0.0030391140630701,0,0.1733102253032928
CIDP,S37,B_cell,SLAMF9,Inflammatory_polyneuropathy,1,0,0,0
CIDP,S37,Endoneurial_stroma,SLAMF9,Inflammatory_polyneuropathy,432,0,0,0
CIDP,S37,Epineurial_stroma,SLAMF9,Inflammatory_polyneuropathy,799,0,0,0
CIDP,S37,Macrophage,SLAMF9,Inflammatory_polyneuropathy,267,0,0,0
CIDP,S37,Mast,SLAMF9,Inflammatory_polyneuropathy,40,0,0,0
CIDP,S37,Myelinating_SC,SLAMF9,Inflammatory_polyneuropathy,85,0,0,0
CIDP,S37,Nonmyelinating_SC,SLAMF9,Inflammatory_polyneuropathy,3248,0,0,0
CIDP,S37,Other_EC,SLAMF9,Inflammatory_polyneuropathy,1543,0,0,0
CIDP,S37,Pericyte_VSMC,SLAMF9,Inflammatory_polyneuropathy,1365,0,0,0
CIDP,S37,Perineurium,SLAMF9,Inflammatory_polyneuropathy,4276,0,0,0
CIDP,S37,Repair_damage_SC,SLAMF9,Inflammatory_polyneuropathy,392,0,0,0
CIDP,S37,T_NK,SLAMF9,Inflammatory_polyneuropathy,54,0,0,0
CIDP,S37,Adipo,TMEM175,Inflammatory_polyneuropathy,203,0.1115840312312999,0,8.866995073891626
CIDP,S37,BNB_EC,TMEM175,Inflammatory_polyneuropathy,577,0.0926184829144286,0,5.025996533795494
CIDP,S37,B_cell,TMEM175,Inflammatory_polyneuropathy,1,0,0,0
CIDP,S37,Endoneurial_stroma,TMEM175,Inflammatory_polyneuropathy,432,0.1103839605530438,0,5.324074074074074
CIDP,S37,Epineurial_stroma,TMEM175,Inflammatory_polyneuropathy,799,0.1426129495679072,0,8.1351689612015
CIDP,S37,Macrophage,TMEM175,Inflammatory_polyneuropathy,267,0.0567460180257159,0,2.9962546816479403
CIDP,S37,Mast,TMEM175,Inflammatory_polyneuropathy,40,0.0670151720968197,0,2.5
CIDP,S37,Myelinating_SC,TMEM175,Inflammatory_polyneuropathy,85,0.1167448106264974,0,5.88235294117647
CIDP,S37,Nonmyelinating_SC,TMEM175,Inflammatory_polyneuropathy,3248,0.1221594636066187,0,5.726600985221674
CIDP,S37,Other_EC,TMEM175,Inflammatory_polyneuropathy,1543,0.0955842889850514,0,5.897602073882048
CIDP,S37,Pericyte_VSMC,TMEM175,Inflammatory_polyneuropathy,1365,0.1068226126922861,0,6.3003663003663
CIDP,S37,Perineurium,TMEM175,Inflammatory_polyneuropathy,4276,0.1130326336681185,0,6.501403180542563
CIDP,S37,Repair_damage_SC,TMEM175,Inflammatory_polyneuropathy,392,0.0829724189853467,0,3.826530612244898
CIDP,S37,T_NK,TMEM175,Inflammatory_polyneuropathy,54,0.0496225736862265,0,1.851851851851852
CIDP,S37,Adipo,DCTN1,Inflammatory_polyneuropathy,203,0.0845071965837442,0,6.896551724137931
CIDP,S37,BNB_EC,DCTN1,Inflammatory_polyneuropathy,577,0.1989141750756443,0,10.918544194107453
CIDP,S37,B_cell,DCTN1,Inflammatory_polyneuropathy,1,0,0,0
CIDP,S37,Endoneurial_stroma,DCTN1,Inflammatory_polyneuropathy,432,0.1092690687793804,0,6.25
CIDP,S37,Epineurial_stroma,DCTN1,Inflammatory_polyneuropathy,799,0.1165997100768433,0,7.634543178973717
CIDP,S37,Macrophage,DCTN1,Inflammatory_polyneuropathy,267,0.0622264065219887,0,3.3707865168539324
CIDP,S37,Mast,DCTN1,Inflammatory_polyneuropathy,40,0.1693730247655511,0,7.5
CIDP,S37,Myelinating_SC,DCTN1,Inflammatory_polyneuropathy,85,0.1037613618537743,0,5.88235294117647
CIDP,S37,Nonmyelinating_SC,DCTN1,Inflammatory_polyneuropathy,3248,0.162094253224872,0,8.435960591133004
CIDP,S37,Other_EC,DCTN1,Inflammatory_polyneuropathy,1543,0.1725957681774158,0,10.823071937783538
CIDP,S37,Pericyte_VSMC,DCTN1,Inflammatory_polyneuropathy,1365,0.1983916902097561,0,12.967032967032967
CIDP,S37,Perineurium,DCTN1,Inflammatory_polyneuropathy,4276,0.1146474067331701,0,7.390084190832553
CIDP,S37,Repair_damage_SC,DCTN1,Inflammatory_polyneuropathy,392,0.2242435125249437,0,11.479591836734697
CIDP,S37,T_NK,DCTN1,Inflammatory_polyneuropathy,54,0.140513823616133,0,7.4074074074074066
CIDP,S37,Adipo,ME1,Inflammatory_polyneuropathy,203,2.137457742224201,2.4039383458275903,76.84729064039408
CIDP,S37,BNB_EC,ME1,Inflammatory_polyneuropathy,577,0.0606268143152116,0,3.119584055459272
CIDP,S37,B_cell,ME1,Inflammatory_polyneuropathy,1,1.9443326341540963,1.9443326341540963,100
CIDP,S37,Endoneurial_stroma,ME1,Inflammatory_polyneuropathy,432,0.6127931704367953,0,24.76851851851852
CIDP,S37,Epineurial_stroma,ME1,Inflammatory_polyneuropathy,799,0.5628947508369104,0,23.779724655819777
CIDP,S37,Macrophage,ME1,Inflammatory_polyneuropathy,267,1.1415298410626669,0,35.580524344569284
CIDP,S37,Mast,ME1,Inflammatory_polyneuropathy,40,0.0773381383134351,0,2.5
CIDP,S37,Myelinating_SC,ME1,Inflammatory_polyneuropathy,85,0.3694404907558849,0,16.470588235294116
CIDP,S37,Nonmyelinating_SC,ME1,Inflammatory_polyneuropathy,3248,0.0150122257002924,0,0.83128078817734
CIDP,S37,Other_EC,ME1,Inflammatory_polyneuropathy,1543,0.0380705043409149,0,2.0738820479585223
CIDP,S37,Pericyte_VSMC,ME1,Inflammatory_polyneuropathy,1365,0.2342443947320275,0,11.941391941391942
CIDP,S37,Perineurium,ME1,Inflammatory_polyneuropathy,4276,0.3688211245650914,0,17.118802619270348
CIDP,S37,Repair_damage_SC,ME1,Inflammatory_polyneuropathy,392,0.0296791292335501,0,1.7857142857142856
CIDP,S37,T_NK,ME1,Inflammatory_polyneuropathy,54,0.197210705803677,0,5.555555555555555
